SNP name	SNP Position	Allele1	Allele1 interpretation	Allele2	Allele2 interpretation
kdr-995S	2L:2422651	T	Not KdrS	C	KdrS
kdr-995F	2L:2422652	A	Not KdrF	T	KdrF
Def-S4S5	2L:2403941	T	Not S4S5	C	kdr haplotype cluster S4 or S5
Def-F3F4-2	2L:2414062	A	Not F3F4	T	kdr haplotype cluster F3 or F4
Def-F3	2L:2399997	G	Not F3	C	kdr haplotype cluster F3
Def-F2	2L:2425052	G	Not F2	A	kdr haplotype cluster F2
Def-S1-3	2L:2380982	T	Not S1	C	kdr haplotype cluster S1
Def-S5	2L:2408677	A	Not S5	C	kdr haplotype cluster S5
Def-F5-2	2L:2381706	A	Not F5	G	kdr haplotype cluster F5
Def-S4S5-2	2L:2388595	G	Not S4S5	T	kdr haplotype cluster S4 or S5
Def-S2-4	2L:2425766	T	Not S2	A	kdr haplotype cluster S2
Def-S3	2L:2432419	T	Not S3	G	kdr haplotype cluster S3
Def-F1	2L:2435581	G	Not F1	A	kdr haplotype cluster F1
Def-S2S4	2L:2408423	C	Not S2S4	T	kdr haplotype cluster S2 or S4
