sample_name	phenotype	cluster_1	cluster_2	cluster_3
EA18-0193	dead	0	1	0
EA18-0194	dead	0	1	0
EA18-0197	dead	0	0	0
EA18-0198	dead	1	0	0
EA18-0200	dead	0	1	0
EA18-0201	dead	0	0	0
EA18-0202	dead	1	0	0
EA18-0203	dead	1	0	0
EA18-0204	dead	0	0	0
EA18-0206	dead	0	1	0
EA18-0213	dead	0	1	0
EA18-0214	dead	1	0	0
EA18-0215	dead	1	0	0
EA18-0216	dead	0	0	0
EA18-0217	dead	1	1	0
EA18-0218	dead	0	0	0
EA18-0219	dead	1	0	0
EA18-0220	dead	0	0	0
EA18-0222	dead	0	0	1
EA18-0223	dead	0	0	1
EA18-0224	dead	0	0	0
EA18-0225	dead	0	0	1
EA18-0227	dead	0	0	0
EA18-0229	dead	0	0	0
EA18-0230	dead	0	0	0
EA18-0233	dead	0	0	0
EA18-0235	dead	0	0	0
EA18-0236	dead	0	0	0
EA18-0237	dead	0	0	0
EA18-0239	dead	0	0	0
EA18-0240	dead	1	0	0
EA18-0241	dead	1	0	0
EA18-0242	dead	0	1	0
EA18-0243	dead	0	1	0
EA18-0244	dead	0	0	0
EA18-0245	dead	0	0	1
EA18-0246	dead	0	0	0
EA18-0247	dead	0	0	0
EA18-0249	dead	0	1	0
EA18-0250	dead	0	0	1
EA18-0251	dead	0	0	2
EA18-0252	dead	0	0	0
EA18-0253	dead	0	0	0
EA18-0255	dead	0	0	0
EA18-0257	dead	0	0	0
EA18-0258	dead	0	0	0
EA18-0259	dead	0	1	0
EA18-0260	dead	0	0	0
EA18-0261	dead	0	0	0
EA18-0262	dead	1	0	0
EA18-0263	dead	1	0	0
EA18-0264	dead	0	0	0
EA18-0266	dead	1	0	0
EA18-0271	dead	0	0	0
EA18-0272	dead	0	0	0
EA18-0273	dead	0	1	0
EA18-0274	dead	0	0	0
EA18-0275	dead	1	0	0
EA18-0276	dead	0	0	0
EA18-0277	dead	0	0	0
EA18-0278	dead	0	0	0
EA18-0279	dead	1	0	0
EA18-0280	dead	1	0	0
EA18-0281	dead	0	0	0
EA18-0283	dead	0	0	0
EA18-0284	dead	0	0	0
EA18-0285	dead	0	0	2
EA18-0286	dead	0	1	0
EA18-0287	dead	0	0	2
EA18-0289	alive	0	0	0
EA18-0294	alive	1	0	0
EA18-0295	alive	1	0	0
EA18-0296	alive	1	0	0
EA18-0297	alive	1	0	0
EA18-0298	alive	1	0	1
EA18-0299	alive	0	0	1
EA18-0300	alive	1	0	0
EA18-0301	alive	0	0	0
EA18-0302	alive	1	0	0
EA18-0303	alive	0	0	0
EA18-0304	alive	0	0	0
EA18-0305	alive	0	1	0
EA18-0307	alive	2	0	0
EA18-0308	alive	0	0	1
EA18-0309	alive	0	0	0
EA18-0310	alive	0	0	1
EA18-0311	alive	0	0	0
EA18-0312	alive	0	0	0
EA18-0313	alive	0	0	0
EA18-0314	alive	0	0	1
EA18-0316	alive	0	0	0
EA18-0317	alive	0	1	0
EA18-0318	alive	0	0	0
EA18-0319	alive	0	0	0
EA18-0320	alive	1	0	0
EA18-0322	alive	0	0	0
EA18-0324	alive	0	0	0
EA18-0325	alive	0	1	0
EA18-0326	alive	0	0	0
EA18-0327	alive	0	0	0
EA18-0328	alive	1	0	0
EA18-0331	alive	0	1	0
EA18-0332	alive	0	0	0
EA18-0333	alive	0	1	0
EA18-0334	alive	1	0	0
EA18-0335	alive	1	0	0
EA18-0336	alive	1	0	0
EA18-0337	alive	0	0	0
EA18-0338	alive	0	0	0
EA18-0339	alive	1	0	0
EA18-0340	alive	1	0	0
EA18-0341	alive	0	0	0
EA18-0342	alive	0	0	0
EA18-0343	alive	2	0	0
EA18-0344	alive	0	0	0
EA18-0345	alive	1	0	0
EA18-0347	alive	0	1	0
EA18-0348	alive	0	0	0
EA18-0349	alive	0	0	0
EA18-0350	alive	1	0	0
EA18-0351	alive	1	1	0
EA18-0352	alive	0	0	0
EA18-0353	alive	1	0	0
EA18-0354	alive	1	0	0
EA18-0355	alive	0	1	1
EA18-0356	alive	0	0	0
EA18-0357	alive	0	1	1
EA18-0358	alive	1	0	1
EA18-0359	alive	0	0	1
EA18-0361	alive	1	0	0
EA18-0362	alive	0	0	0
EA18-0363	alive	1	0	0
EA18-0364	alive	1	0	0
EA18-0365	alive	0	1	0
EA18-0366	alive	0	0	0
EA18-0367	alive	0	0	0
EA18-0368	alive	1	0	0
EA18-0369	alive	0	0	0
EA18-0370	alive	1	0	0
EA18-0371	alive	0	0	0
EA18-0372	alive	0	0	1
EA18-0373	alive	0	0	0
EA18-0374	alive	0	1	0
EA18-0376	alive	0	0	0
EA18-0378	alive	0	2	0
EA18-0379	alive	0	0	0
EA18-0380	alive	2	0	0
EA18-0381	alive	0	0	0
EA18-0382	alive	0	1	0
EA18-0383	alive	1	0	1
EA18-0384	alive	2	0	0
