sample_name	phenotype	cluster_1	cluster_2	cluster_3	cluster_4	cluster_5	cluster_6	cluster_7
EA18-0385	dead	0	0	0	0	0	0	0
EA18-0386	dead	0	1	1	0	0	0	0
EA18-0387	dead	0	1	0	0	0	0	0
EA18-0388	dead	0	0	0	0	0	0	1
EA18-0389	dead	1	0	0	0	1	0	0
EA18-0390	dead	2	0	0	0	0	0	0
EA18-0392	dead	0	1	0	0	0	1	0
EA18-0394	dead	0	0	1	0	0	0	0
EA18-0395	dead	0	0	0	0	0	0	0
EA18-0396	dead	0	0	0	0	0	0	0
EA18-0397	dead	0	0	1	0	0	0	0
EA18-0398	dead	0	0	0	0	0	0	0
EA18-0399	dead	0	0	0	0	0	0	0
EA18-0401	dead	0	1	0	0	0	0	0
EA18-0402	dead	1	0	0	0	0	0	0
EA18-0403	dead	0	1	1	0	0	0	0
EA18-0405	dead	0	0	0	1	0	0	1
EA18-0406	dead	0	0	0	0	0	2	0
EA18-0407	dead	0	0	0	0	0	2	0
EA18-0408	dead	0	0	0	0	0	0	1
EA18-0410	dead	1	0	0	0	0	1	0
EA18-0411	dead	0	0	0	0	0	1	1
EA18-0412	dead	0	0	0	0	1	0	0
EA18-0414	dead	0	0	0	0	1	0	1
EA18-0415	dead	0	0	0	1	0	0	0
EA18-0416	dead	1	0	0	0	0	0	0
EA18-0417	dead	0	0	0	0	1	0	0
EA18-0418	dead	0	0	1	0	1	0	0
EA18-0420	dead	1	0	0	0	0	0	0
EA18-0421	dead	0	1	0	0	0	0	0
EA18-0422	dead	0	0	0	0	1	0	0
EA18-0424	dead	0	1	0	0	0	0	0
EA18-0425	dead	0	1	1	0	0	0	0
EA18-0426	dead	0	0	0	0	1	0	0
EA18-0427	dead	0	1	0	0	0	0	1
EA18-0428	dead	0	0	0	0	0	0	0
EA18-0429	dead	0	0	0	0	2	0	0
EA18-0430	dead	0	0	0	1	0	0	0
EA18-0431	dead	2	0	0	0	0	0	0
EA18-0432	dead	0	0	1	0	0	0	0
EA18-0433	dead	0	1	0	1	0	0	0
EA18-0434	dead	0	0	0	0	0	0	0
EA18-0435	dead	0	0	0	0	1	0	0
EA18-0436	dead	1	0	1	0	0	0	0
EA18-0437	dead	2	0	0	0	0	0	0
EA18-0438	dead	1	1	0	0	0	0	0
EA18-0441	dead	1	0	0	0	0	0	0
EA18-0442	dead	0	1	0	0	0	0	0
EA18-0443	dead	1	0	0	0	0	0	0
EA18-0444	dead	0	0	1	0	0	0	0
EA18-0445	dead	0	0	1	0	0	0	0
EA18-0446	dead	1	0	1	0	0	0	0
EA18-0447	dead	0	0	0	0	0	0	0
EA18-0449	dead	0	0	0	1	0	0	1
EA18-0450	dead	0	0	0	0	0	0	0
EA18-0451	dead	0	1	0	0	0	0	0
EA18-0453	dead	0	0	1	0	0	1	0
EA18-0454	dead	0	1	1	0	0	0	0
EA18-0456	dead	0	0	1	0	1	0	0
EA18-0457	dead	0	0	0	0	0	1	1
EA18-0458	dead	0	1	1	0	0	0	0
EA18-0459	dead	0	2	0	0	0	0	0
EA18-0460	dead	1	0	0	0	0	0	0
EA18-0461	dead	1	1	0	0	0	0	0
EA18-0462	dead	0	0	1	0	0	0	0
EA18-0463	dead	0	0	0	0	0	0	0
EA18-0464	dead	1	0	0	0	0	0	1
EA18-0465	dead	0	0	1	1	0	0	0
EA18-0466	dead	0	1	1	0	0	0	0
EA18-0467	dead	1	0	1	0	0	0	0
EA18-0469	dead	0	1	0	1	0	0	0
EA18-0470	dead	0	0	0	0	1	0	0
EA18-0471	dead	0	0	1	0	0	0	0
EA18-0472	dead	0	0	0	0	0	1	0
EA18-0473	dead	0	0	0	0	0	0	0
EA18-0474	dead	0	2	0	0	0	0	0
EA18-0475	dead	0	1	1	0	0	0	0
EA18-0476	dead	1	0	0	0	0	0	0
EA18-0477	dead	0	1	0	1	0	0	0
EA18-0479	dead	0	0	0	0	0	2	0
EA18-0480	dead	1	0	0	0	0	0	0
EA18-0481	alive	0	0	0	0	1	0	0
EA18-0482	alive	0	1	0	0	1	0	0
EA18-0483	alive	0	0	0	1	1	0	0
EA18-0484	alive	0	0	0	0	0	0	0
EA18-0485	alive	0	1	0	1	0	0	0
EA18-0486	alive	0	0	0	0	0	1	0
EA18-0487	alive	0	0	0	1	0	0	1
EA18-0490	alive	0	0	1	0	1	0	0
EA18-0491	alive	0	0	0	0	1	0	0
EA18-0492	alive	0	0	0	0	0	1	0
EA18-0493	alive	0	0	1	0	0	0	0
EA18-0494	alive	1	0	0	0	1	0	0
EA18-0495	alive	1	1	0	0	0	0	0
EA18-0496	alive	0	0	0	0	1	0	1
EA18-0497	alive	0	1	0	0	0	0	0
EA18-0498	alive	0	0	0	0	0	2	0
EA18-0499	alive	0	0	2	0	0	0	0
EA18-0500	alive	0	0	0	0	0	0	0
EA18-0501	alive	0	0	1	0	0	0	0
EA18-0503	alive	0	0	0	0	0	0	0
EA18-0504	alive	0	0	0	1	0	0	0
EA18-0505	alive	0	0	1	1	0	0	0
EA18-0506	alive	0	0	0	0	0	0	1
EA18-0507	alive	0	0	0	0	0	1	1
EA18-0508	alive	0	0	0	1	1	0	0
EA18-0509	alive	0	1	0	0	0	1	0
EA18-0510	alive	0	0	0	1	0	0	1
EA18-0512	alive	0	0	0	0	1	0	0
EA18-0513	alive	0	0	0	1	0	1	0
EA18-0515	alive	0	0	0	0	0	0	1
EA18-0517	alive	0	1	0	0	1	0	0
EA18-0518	alive	0	0	0	0	0	0	0
EA18-0520	alive	1	0	0	1	0	0	0
EA18-0521	alive	0	0	0	2	0	0	0
EA18-0522	alive	0	1	0	0	0	0	0
EA18-0523	alive	0	0	0	0	0	0	0
EA18-0524	alive	0	0	0	0	1	0	0
EA18-0525	alive	0	0	1	0	1	0	0
EA18-0526	alive	1	0	0	0	0	0	1
EA18-0528	alive	0	0	0	0	0	0	1
EA18-0529	alive	0	0	0	0	1	0	0
EA18-0531	alive	0	0	1	0	0	0	0
EA18-0532	alive	2	0	0	0	0	0	0
EA18-0533	alive	1	0	0	0	0	1	0
EA18-0534	alive	0	0	0	1	0	0	0
EA18-0535	alive	0	0	0	1	0	1	0
EA18-0536	alive	2	0	0	0	0	0	0
EA18-0537	alive	0	1	0	0	0	1	0
EA18-0538	alive	0	0	0	0	1	0	0
EA18-0540	alive	0	0	0	1	0	0	0
EA18-0542	alive	0	0	0	0	0	0	0
EA18-0543	alive	1	0	0	1	0	0	0
EA18-0544	alive	0	0	0	0	0	0	0
EA18-0545	alive	1	0	1	0	0	0	0
EA18-0546	alive	0	0	0	0	0	0	1
EA18-0547	alive	0	0	0	1	0	0	0
EA18-0548	alive	1	0	0	1	0	0	0
EA18-0549	alive	0	0	0	1	0	0	0
EA18-0550	alive	0	0	0	0	1	0	0
EA18-0551	alive	0	0	0	0	0	0	0
EA18-0552	alive	1	1	0	0	0	0	0
EA18-0553	alive	0	0	0	0	0	0	0
EA18-0554	alive	0	0	0	0	0	0	0
EA18-0555	alive	0	0	1	0	0	1	0
EA18-0556	alive	0	0	0	1	0	0	0
EA18-0557	alive	0	0	0	1	1	0	0
EA18-0558	alive	0	0	0	1	0	0	0
EA18-0559	alive	0	0	0	0	0	1	0
EA18-0561	alive	0	0	0	0	1	0	0
EA18-0563	alive	0	0	0	0	0	0	0
EA18-0564	alive	0	0	0	1	0	0	0
EA18-0565	alive	2	0	0	0	0	0	0
EA18-0566	alive	0	0	0	1	0	0	1
EA18-0567	alive	1	0	0	0	0	1	0
EA18-0568	alive	0	0	0	1	1	0	0
EA18-0569	alive	0	1	0	0	0	0	0
EA18-0570	alive	0	0	1	0	1	0	0
EA18-0572	alive	0	0	0	0	0	0	0
EA18-0573	alive	0	1	0	0	0	0	1
EA18-0575	alive	1	0	0	0	0	0	0
EA18-0576	alive	0	0	0	0	1	0	1
