sample.id	country	location	latitude	longitude	collection.date	species	insecticide	concentration	exposure.time	phenotype	sib.group.id	exclude.as.sib	run.accession
EA18-0001	Tanzania	Moshi	-3.384	37.349	07/2018	arabiensis	Delta	0.5	60	dead		FALSE	ERR9438067
EA18-0003	Tanzania	Moshi	-3.384	37.349	07/2018	arabiensis	Delta	0.5	60	dead		FALSE	ERR9438068
EA18-0004	Tanzania	Moshi	-3.384	37.349	07/2018	arabiensis	Delta	0.5	60	dead		FALSE	ERR9438069
EA18-0008	Tanzania	Moshi	-3.384	37.349	07/2018	arabiensis	Delta	0.5	60	dead		FALSE	ERR9438070
EA18-0012	Tanzania	Moshi	-3.384	37.349	07/2018	arabiensis	Delta	0.5	60	dead		FALSE	ERR9438071
EA18-0015	Tanzania	Moshi	-3.384	37.349	07/2018	arabiensis	Delta	0.5	60	dead		FALSE	ERR9438073
EA18-0022	Tanzania	Moshi	-3.384	37.349	07/2018	arabiensis	Delta	0.5	60	dead		FALSE	ERR9438075
EA18-0023	Tanzania	Moshi	-3.384	37.349	07/2018	arabiensis	Delta	0.5	60	dead		FALSE	ERR9438076
EA18-0026	Tanzania	Moshi	-3.384	37.349	07/2018	arabiensis	Delta	0.5	60	dead		FALSE	ERR9438077
EA18-0027	Tanzania	Moshi	-3.384	37.349	07/2018	arabiensis	Delta	0.5	60	dead		FALSE	ERR9438078
EA18-0029	Tanzania	Moshi	-3.384	37.349	07/2018	arabiensis	Delta	0.5	60	dead		FALSE	ERR9438079
EA18-0032	Tanzania	Moshi	-3.384	37.349	07/2018	arabiensis	Delta	0.5	60	dead		FALSE	ERR9438080
EA18-0033	Tanzania	Moshi	-3.384	37.349	07/2018	arabiensis	Delta	0.5	60	dead		FALSE	ERR9438081
EA18-0034	Tanzania	Moshi	-3.384	37.349	07/2018	arabiensis	Delta	0.5	60	dead		FALSE	ERR9438082
EA18-0038	Tanzania	Moshi	-3.384	37.349	07/2018	arabiensis	Delta	0.5	60	dead		FALSE	ERR9438083
EA18-0039	Tanzania	Moshi	-3.384	37.349	07/2018	arabiensis	Delta	0.5	60	dead		FALSE	ERR9438084
EA18-0043	Tanzania	Moshi	-3.384	37.349	07/2018	arabiensis	Delta	0.5	60	dead		FALSE	ERR9438085
EA18-0046	Tanzania	Moshi	-3.384	37.349	07/2018	arabiensis	Delta	0.5	60	dead		FALSE	ERR9438086
EA18-0047	Tanzania	Moshi	-3.384	37.349	07/2018	arabiensis	Delta	0.5	60	dead		FALSE	ERR9438087
EA18-0049	Tanzania	Moshi	-3.384	37.349	07/2018	arabiensis	Delta	0.5	60	dead		FALSE	ERR9438088
EA18-0051	Tanzania	Moshi	-3.384	37.349	07/2018	arabiensis	Delta	0.5	60	dead		FALSE	ERR9438089
EA18-0057	Tanzania	Moshi	-3.384	37.349	07/2018	arabiensis	Delta	0.5	60	dead		FALSE	ERR9438090
EA18-0059	Tanzania	Moshi	-3.384	37.349	07/2018	arabiensis	Delta	0.5	60	dead		FALSE	ERR9438092
EA18-0062	Tanzania	Moshi	-3.384	37.349	07/2018	arabiensis	Delta	0.5	60	dead		FALSE	ERR9438094
EA18-0064	Tanzania	Moshi	-3.384	37.349	07/2018	arabiensis	Delta	0.5	60	dead		FALSE	ERR9438096
EA18-0066	Tanzania	Moshi	-3.384	37.349	07/2018	arabiensis	Delta	0.5	60	dead		FALSE	ERR9438097
EA18-0067	Tanzania	Moshi	-3.384	37.349	07/2018	arabiensis	Delta	0.5	60	dead		FALSE	ERR9438098
EA18-0068	Tanzania	Moshi	-3.384	37.349	07/2018	arabiensis	Delta	0.5	60	dead		FALSE	ERR9438099
EA18-0069	Tanzania	Moshi	-3.384	37.349	07/2018	arabiensis	Delta	0.5	60	dead		FALSE	ERR9438100
EA18-0070	Tanzania	Moshi	-3.384	37.349	07/2018	arabiensis	Delta	0.5	60	dead		FALSE	ERR9438101
EA18-0071	Tanzania	Moshi	-3.384	37.349	07/2018	arabiensis	Delta	0.5	60	dead		FALSE	ERR9438102
EA18-0072	Tanzania	Moshi	-3.384	37.349	07/2018	arabiensis	Delta	0.5	60	dead		FALSE	ERR9438127
EA18-0073	Tanzania	Moshi	-3.384	37.349	07/2018	arabiensis	Delta	0.5	60	dead		FALSE	ERR9438128
EA18-0075	Tanzania	Moshi	-3.384	37.349	02/2018	arabiensis	Delta	0.5	60	dead		FALSE	ERR9438129
EA18-0076	Tanzania	Moshi	-3.384	37.349	02/2018	arabiensis	Delta	0.5	60	dead		FALSE	ERR9438130
EA18-0077	Tanzania	Moshi	-3.384	37.349	02/2018	arabiensis	Delta	0.5	60	dead		FALSE	ERR9438131
EA18-0078	Tanzania	Moshi	-3.384	37.349	02/2018	arabiensis	Delta	0.5	60	dead		FALSE	ERR9438132
EA18-0083	Tanzania	Moshi	-3.384	37.349	02/2018	arabiensis	Delta	0.5	60	dead		FALSE	ERR9438135
EA18-0084	Tanzania	Moshi	-3.384	37.349	02/2018	arabiensis	Delta	0.5	60	dead		FALSE	ERR9438136
EA18-0085	Tanzania	Moshi	-3.384	37.349	02/2018	arabiensis	Delta	0.5	60	dead		FALSE	ERR9438137
EA18-0086	Tanzania	Moshi	-3.384	37.349	02/2018	arabiensis	Delta	0.5	60	dead		FALSE	ERR9438138
EA18-0087	Tanzania	Moshi	-3.384	37.349	02/2018	arabiensis	Delta	0.5	60	dead		FALSE	ERR9438115
EA18-0088	Tanzania	Moshi	-3.384	37.349	02/2018	arabiensis	Delta	0.5	60	dead		FALSE	ERR9438116
EA18-0089	Tanzania	Moshi	-3.384	37.349	02/2018	arabiensis	Delta	0.5	60	dead		FALSE	ERR9438117
EA18-0090	Tanzania	Moshi	-3.384	37.349	02/2018	arabiensis	Delta	0.5	60	dead		FALSE	ERR9438118
EA18-0091	Tanzania	Moshi	-3.384	37.349	02/2018	arabiensis	Delta	0.5	60	dead		FALSE	ERR9438119
EA18-0092	Tanzania	Moshi	-3.384	37.349	02/2018	arabiensis	Delta	0.5	60	dead		FALSE	ERR9438120
EA18-0093	Tanzania	Moshi	-3.384	37.349	02/2018	arabiensis	Delta	0.5	60	dead		FALSE	ERR9438121
EA18-0094	Tanzania	Moshi	-3.384	37.349	02/2018	arabiensis	Delta	0.5	60	dead		FALSE	ERR9438122
EA18-0095	Tanzania	Moshi	-3.384	37.349	02/2018	arabiensis	Delta	0.5	60	dead		FALSE	ERR9438123
EA18-0096	Tanzania	Moshi	-3.384	37.349	02/2018	arabiensis	Delta	0.5	60	dead		FALSE	ERR9438124
EA18-0098	Tanzania	Moshi	-3.384	37.349	06/2018	arabiensis	Delta	2.5	60	alive		FALSE	ERR9438126
EA18-0099	Tanzania	Moshi	-3.384	37.349	06/2018	arabiensis	Delta	2.5	60	alive	1	FALSE	ERR9438103
EA18-0100	Tanzania	Moshi	-3.384	37.349	06/2018	arabiensis	Delta	2.5	60	alive		FALSE	ERR9438104
EA18-0102	Tanzania	Moshi	-3.384	37.349	06/2018	arabiensis	Delta	2.5	60	alive		FALSE	ERR9438105
EA18-0104	Tanzania	Moshi	-3.384	37.349	06/2018	arabiensis	Delta	2.5	60	alive		FALSE	ERR9438106
EA18-0106	Tanzania	Moshi	-3.384	37.349	06/2018	arabiensis	Delta	2.5	60	alive		FALSE	ERR9438107
EA18-0109	Tanzania	Moshi	-3.384	37.349	06/2018	arabiensis	Delta	2.5	60	alive		FALSE	ERR9438108
EA18-0112	Tanzania	Moshi	-3.384	37.349	06/2018	arabiensis	Delta	2.5	60	alive		FALSE	ERR9438109
EA18-0114	Tanzania	Moshi	-3.384	37.349	06/2018	arabiensis	Delta	2.5	60	alive		FALSE	ERR9438110
EA18-0115	Tanzania	Moshi	-3.384	37.349	06/2018	arabiensis	Delta	2.5	60	alive		FALSE	ERR9438111
EA18-0116	Tanzania	Moshi	-3.384	37.349	06/2018	arabiensis	Delta	2.5	60	alive		FALSE	ERR9438112
EA18-0117	Tanzania	Moshi	-3.384	37.349	06/2018	arabiensis	Delta	2.5	60	alive		FALSE	ERR9438113
EA18-0118	Tanzania	Moshi	-3.384	37.349	06/2018	arabiensis	Delta	2.5	60	alive		FALSE	ERR9438114
EA18-0119	Tanzania	Moshi	-3.384	37.349	06/2018	arabiensis	Delta	2.5	60	alive		FALSE	ERR9438139
EA18-0120	Tanzania	Moshi	-3.384	37.349	06/2018	arabiensis	Delta	2.5	60	alive		FALSE	ERR9438140
EA18-0121	Tanzania	Moshi	-3.384	37.349	06/2018	arabiensis	Delta	2.5	60	alive		FALSE	ERR9438141
EA18-0122	Tanzania	Moshi	-3.384	37.349	06/2018	arabiensis	Delta	2.5	60	alive		FALSE	ERR9438142
EA18-0123	Tanzania	Moshi	-3.384	37.349	06/2018	arabiensis	Delta	2.5	60	alive		FALSE	ERR9438143
EA18-0124	Tanzania	Moshi	-3.384	37.349	06/2018	arabiensis	Delta	2.5	60	alive		FALSE	ERR9438144
EA18-0125	Tanzania	Moshi	-3.384	37.349	06/2018	arabiensis	Delta	2.5	60	alive	2	FALSE	ERR9438145
EA18-0126	Tanzania	Moshi	-3.384	37.349	06/2018	arabiensis	Delta	2.5	60	alive		FALSE	ERR9438146
EA18-0127	Tanzania	Moshi	-3.384	37.349	06/2018	arabiensis	Delta	2.5	60	alive		FALSE	ERR9438147
EA18-0128	Tanzania	Moshi	-3.384	37.349	06/2018	arabiensis	Delta	2.5	60	alive		FALSE	ERR9438148
EA18-0129	Tanzania	Moshi	-3.384	37.349	06/2018	arabiensis	Delta	2.5	60	alive		FALSE	ERR9438149
EA18-0130	Tanzania	Moshi	-3.384	37.349	06/2018	arabiensis	Delta	2.5	60	alive		FALSE	ERR9438150
EA18-0131	Tanzania	Moshi	-3.384	37.349	06/2018	arabiensis	Delta	2.5	60	alive		FALSE	ERR9438151
EA18-0132	Tanzania	Moshi	-3.384	37.349	06/2018	arabiensis	Delta	2.5	60	alive		FALSE	ERR9438152
EA18-0133	Tanzania	Moshi	-3.384	37.349	06/2018	arabiensis	Delta	2.5	60	alive		FALSE	ERR9438153
EA18-0134	Tanzania	Moshi	-3.384	37.349	06/2018	arabiensis	Delta	2.5	60	alive		FALSE	ERR9438154
EA18-0135	Tanzania	Moshi	-3.384	37.349	06/2018	arabiensis	Delta	2.5	60	alive		FALSE	ERR9438155
EA18-0136	Tanzania	Moshi	-3.384	37.349	06/2018	arabiensis	Delta	2.5	60	alive		FALSE	ERR9438156
EA18-0137	Tanzania	Moshi	-3.384	37.349	06/2018	arabiensis	Delta	2.5	60	alive		FALSE	ERR9438157
EA18-0139	Tanzania	Moshi	-3.384	37.349	06/2018	arabiensis	Delta	2.5	60	alive		FALSE	ERR9438158
EA18-0140	Tanzania	Moshi	-3.384	37.349	06/2018	arabiensis	Delta	2.5	60	alive		FALSE	ERR9438159
EA18-0141	Tanzania	Moshi	-3.384	37.349	06/2018	arabiensis	Delta	2.5	60	alive		FALSE	ERR9438160
EA18-0142	Tanzania	Moshi	-3.384	37.349	06/2018	arabiensis	Delta	2.5	60	alive		FALSE	ERR9438161
EA18-0143	Tanzania	Moshi	-3.384	37.349	06/2018	arabiensis	Delta	2.5	60	alive		FALSE	ERR9438162
EA18-0144	Tanzania	Moshi	-3.384	37.349	06/2018	arabiensis	Delta	2.5	60	alive		FALSE	ERR9515827
EA18-0145	Tanzania	Moshi	-3.384	37.349	06/2018	arabiensis	Delta	2.5	60	alive		FALSE	ERR9515828
EA18-0146	Tanzania	Moshi	-3.384	37.349	06/2018	arabiensis	Delta	2.5	60	alive		FALSE	ERR9515829
EA18-0147	Tanzania	Moshi	-3.384	37.349	06/2018	arabiensis	Delta	2.5	60	alive		FALSE	ERR9515830
EA18-0148	Tanzania	Moshi	-3.384	37.349	06/2018	arabiensis	Delta	2.5	60	alive		FALSE	ERR9515831
EA18-0149	Tanzania	Moshi	-3.384	37.349	06/2018	arabiensis	Delta	2.5	60	alive		FALSE	ERR9515832
EA18-0150	Tanzania	Moshi	-3.384	37.349	06/2018	arabiensis	Delta	2.5	60	alive		FALSE	ERR9515833
EA18-0151	Tanzania	Moshi	-3.384	37.349	06/2018	arabiensis	Delta	2.5	60	alive		FALSE	ERR9515834
EA18-0152	Tanzania	Moshi	-3.384	37.349	06/2018	arabiensis	Delta	2.5	60	alive	1	TRUE	ERR9515835
EA18-0153	Tanzania	Moshi	-3.384	37.349	06/2018	arabiensis	Delta	2.5	60	alive		FALSE	ERR9515836
EA18-0154	Tanzania	Moshi	-3.384	37.349	06/2018	arabiensis	Delta	2.5	60	alive		FALSE	ERR9515837
EA18-0155	Tanzania	Moshi	-3.384	37.349	06/2018	arabiensis	Delta	2.5	60	alive		FALSE	ERR9515838
EA18-0156	Tanzania	Moshi	-3.384	37.349	06/2018	arabiensis	Delta	2.5	60	alive		FALSE	ERR9515839
EA18-0157	Tanzania	Moshi	-3.384	37.349	06/2018	arabiensis	Delta	2.5	60	alive		FALSE	ERR9515840
EA18-0158	Tanzania	Moshi	-3.384	37.349	06/2018	arabiensis	Delta	2.5	60	alive		FALSE	ERR9515841
EA18-0159	Tanzania	Moshi	-3.384	37.349	06/2018	arabiensis	Delta	2.5	60	alive		FALSE	ERR9515842
EA18-0160	Tanzania	Moshi	-3.384	37.349	06/2018	arabiensis	Delta	2.5	60	alive		FALSE	ERR9515843
EA18-0161	Tanzania	Moshi	-3.384	37.349	06/2018	arabiensis	Delta	2.5	60	alive		FALSE	ERR9515844
EA18-0163	Tanzania	Moshi	-3.384	37.349	06/2018	arabiensis	Delta	2.5	60	alive		FALSE	ERR9515845
EA18-0164	Tanzania	Moshi	-3.384	37.349	06/2018	arabiensis	Delta	2.5	60	alive		FALSE	ERR9515846
EA18-0165	Tanzania	Moshi	-3.384	37.349	06/2018	arabiensis	Delta	2.5	60	alive		FALSE	ERR9515847
EA18-0166	Tanzania	Moshi	-3.384	37.349	06/2018	arabiensis	Delta	2.5	60	alive		FALSE	ERR9515848
EA18-0167	Tanzania	Moshi	-3.384	37.349	06/2018	arabiensis	Delta	2.5	60	alive		FALSE	ERR9515849
EA18-0168	Tanzania	Moshi	-3.384	37.349	06/2018	arabiensis	Delta	2.5	60	alive		FALSE	ERR9515850
EA18-0169	Tanzania	Moshi	-3.384	37.349	06/2018	arabiensis	Delta	2.5	60	alive		FALSE	ERR9438031
EA18-0170	Tanzania	Moshi	-3.384	37.349	06/2018	arabiensis	Delta	2.5	60	alive		FALSE	ERR9438032
EA18-0171	Tanzania	Moshi	-3.384	37.349	06/2018	arabiensis	Delta	2.5	60	alive		FALSE	ERR9438033
EA18-0172	Tanzania	Moshi	-3.384	37.349	06/2018	arabiensis	Delta	2.5	60	alive		FALSE	ERR9438034
EA18-0173	Tanzania	Moshi	-3.384	37.349	06/2018	arabiensis	Delta	2.5	60	alive		FALSE	ERR9438035
EA18-0174	Tanzania	Moshi	-3.384	37.349	06/2018	arabiensis	Delta	2.5	60	alive		FALSE	ERR9438036
EA18-0175	Tanzania	Moshi	-3.384	37.349	06/2018	arabiensis	Delta	2.5	60	alive		FALSE	ERR9438037
EA18-0176	Tanzania	Moshi	-3.384	37.349	06/2018	arabiensis	Delta	2.5	60	alive		FALSE	ERR9438038
EA18-0177	Tanzania	Moshi	-3.384	37.349	06/2018	arabiensis	Delta	2.5	60	alive		FALSE	ERR9438039
EA18-0178	Tanzania	Moshi	-3.384	37.349	06/2018	arabiensis	Delta	2.5	60	alive		FALSE	ERR9438040
EA18-0179	Tanzania	Moshi	-3.384	37.349	06/2018	arabiensis	Delta	2.5	60	alive		FALSE	ERR9438041
EA18-0180	Tanzania	Moshi	-3.384	37.349	06/2018	arabiensis	Delta	2.5	60	alive		FALSE	ERR9438042
EA18-0182	Tanzania	Moshi	-3.384	37.349	06/2018	arabiensis	Delta	2.5	60	alive		FALSE	ERR9438019
EA18-0183	Tanzania	Moshi	-3.384	37.349	06/2018	arabiensis	Delta	2.5	60	alive		FALSE	ERR9438020
EA18-0184	Tanzania	Moshi	-3.384	37.349	06/2018	arabiensis	Delta	2.5	60	alive		FALSE	ERR9438021
EA18-0186	Tanzania	Moshi	-3.384	37.349	06/2018	arabiensis	Delta	2.5	60	alive		FALSE	ERR9438023
EA18-0187	Tanzania	Moshi	-3.384	37.349	06/2018	arabiensis	Delta	2.5	60	alive		FALSE	ERR9438024
EA18-0189	Tanzania	Moshi	-3.384	37.349	06/2018	arabiensis	Delta	2.5	60	alive		FALSE	ERR9438026
EA18-0190	Tanzania	Moshi	-3.384	37.349	06/2018	arabiensis	Delta	2.5	60	alive		FALSE	ERR9438027
EA18-0192	Tanzania	Moshi	-3.384	37.349	06/2018	arabiensis	Delta	2.5	60	alive		FALSE	ERR9438029
EA18-0193	Tanzania	Moshi	-3.384	37.349	08/2018	arabiensis	PM	0.5	60	dead		FALSE	ERR9438030
EA18-0194	Tanzania	Moshi	-3.384	37.349	08/2018	arabiensis	PM	0.5	60	dead		FALSE	ERR9438043
EA18-0195	Tanzania	Moshi	-3.384	37.349	08/2018	arabiensis	PM	0.5	60	dead		FALSE	ERR9438044
EA18-0197	Tanzania	Moshi	-3.384	37.349	08/2018	arabiensis	PM	0.5	60	dead		FALSE	ERR9438045
EA18-0198	Tanzania	Moshi	-3.384	37.349	08/2018	arabiensis	PM	0.5	60	dead		FALSE	ERR9438046
EA18-0200	Tanzania	Moshi	-3.384	37.349	08/2018	arabiensis	PM	0.5	60	dead		FALSE	ERR9438047
EA18-0201	Tanzania	Moshi	-3.384	37.349	08/2018	arabiensis	PM	0.5	60	dead		FALSE	ERR9438048
EA18-0202	Tanzania	Moshi	-3.384	37.349	08/2018	arabiensis	PM	0.5	60	dead		FALSE	ERR9438049
EA18-0203	Tanzania	Moshi	-3.384	37.349	08/2018	arabiensis	PM	0.5	60	dead		FALSE	ERR9438050
EA18-0204	Tanzania	Moshi	-3.384	37.349	08/2018	arabiensis	PM	0.5	60	dead		FALSE	ERR9438051
EA18-0206	Tanzania	Moshi	-3.384	37.349	08/2018	arabiensis	PM	0.5	60	dead		FALSE	ERR9438052
EA18-0213	Tanzania	Moshi	-3.384	37.349	08/2018	arabiensis	PM	0.5	60	dead		FALSE	ERR9438055
EA18-0214	Tanzania	Moshi	-3.384	37.349	08/2018	arabiensis	PM	0.5	60	dead		FALSE	ERR9438056
EA18-0215	Tanzania	Moshi	-3.384	37.349	08/2018	arabiensis	PM	0.5	60	dead		FALSE	ERR9438057
EA18-0216	Tanzania	Moshi	-3.384	37.349	08/2018	arabiensis	PM	0.5	60	dead		FALSE	ERR9438058
EA18-0217	Tanzania	Moshi	-3.384	37.349	08/2018	arabiensis	PM	0.5	60	dead		FALSE	ERR9438059
EA18-0218	Tanzania	Moshi	-3.384	37.349	08/2018	arabiensis	PM	0.5	60	dead		FALSE	ERR9438060
EA18-0219	Tanzania	Moshi	-3.384	37.349	08/2018	arabiensis	PM	0.5	60	dead		FALSE	ERR9438061
EA18-0220	Tanzania	Moshi	-3.384	37.349	08/2018	arabiensis	PM	0.5	60	dead		FALSE	ERR9438062
EA18-0222	Tanzania	Moshi	-3.384	37.349	08/2018	arabiensis	PM	0.5	60	dead		FALSE	ERR9438063
EA18-0223	Tanzania	Moshi	-3.384	37.349	08/2018	arabiensis	PM	0.5	60	dead		FALSE	ERR9438064
EA18-0224	Tanzania	Moshi	-3.384	37.349	08/2018	arabiensis	PM	0.5	60	dead		FALSE	ERR9438065
EA18-0225	Tanzania	Moshi	-3.384	37.349	08/2018	arabiensis	PM	0.5	60	dead		FALSE	ERR9438066
EA18-0227	Tanzania	Moshi	-3.384	37.349	08/2018	arabiensis	PM	0.5	60	dead		FALSE	ERR9437995
EA18-0229	Tanzania	Moshi	-3.384	37.349	08/2018	arabiensis	PM	0.5	60	dead		FALSE	ERR9437996
EA18-0230	Tanzania	Moshi	-3.384	37.349	08/2018	arabiensis	PM	0.5	60	dead		FALSE	ERR9437997
EA18-0233	Tanzania	Moshi	-3.384	37.349	08/2018	arabiensis	PM	0.5	60	dead		FALSE	ERR9437998
EA18-0234	Tanzania	Moshi	-3.384	37.349	08/2018	arabiensis	PM	0.5	60	dead		FALSE	ERR9437999
EA18-0235	Tanzania	Moshi	-3.384	37.349	08/2018	arabiensis	PM	0.5	60	dead		FALSE	ERR9438000
EA18-0236	Tanzania	Moshi	-3.384	37.349	08/2018	arabiensis	PM	0.5	60	dead		FALSE	ERR9438001
EA18-0237	Tanzania	Moshi	-3.384	37.349	08/2018	arabiensis	PM	0.5	60	dead		FALSE	ERR9438002
EA18-0239	Tanzania	Moshi	-3.384	37.349	08/2018	arabiensis	PM	0.5	60	dead		FALSE	ERR9438003
EA18-0240	Tanzania	Moshi	-3.384	37.349	08/2018	arabiensis	PM	0.5	60	dead		FALSE	ERR9438004
EA18-0241	Tanzania	Moshi	-3.384	37.349	08/2018	arabiensis	PM	0.5	60	dead		FALSE	ERR9438005
EA18-0242	Tanzania	Moshi	-3.384	37.349	08/2018	arabiensis	PM	0.5	60	dead		FALSE	ERR9438006
EA18-0243	Tanzania	Moshi	-3.384	37.349	08/2018	arabiensis	PM	0.5	60	dead		FALSE	ERR9438007
EA18-0244	Tanzania	Moshi	-3.384	37.349	08/2018	arabiensis	PM	0.5	60	dead		FALSE	ERR9438008
EA18-0245	Tanzania	Moshi	-3.384	37.349	08/2018	arabiensis	PM	0.5	60	dead		FALSE	ERR9438009
EA18-0246	Tanzania	Moshi	-3.384	37.349	08/2018	arabiensis	PM	0.5	60	dead		FALSE	ERR9438010
EA18-0247	Tanzania	Moshi	-3.384	37.349	08/2018	arabiensis	PM	0.5	60	dead		FALSE	ERR9438011
EA18-0249	Tanzania	Moshi	-3.384	37.349	08/2018	arabiensis	PM	0.5	60	dead		FALSE	ERR9438012
EA18-0250	Tanzania	Moshi	-3.384	37.349	08/2018	arabiensis	PM	0.5	60	dead		FALSE	ERR9438013
EA18-0251	Tanzania	Moshi	-3.384	37.349	08/2018	arabiensis	PM	0.5	60	dead		FALSE	ERR9438014
EA18-0252	Tanzania	Moshi	-3.384	37.349	08/2018	arabiensis	PM	0.5	60	dead		FALSE	ERR9438015
EA18-0253	Tanzania	Moshi	-3.384	37.349	08/2018	arabiensis	PM	0.5	60	dead		FALSE	ERR9438016
EA18-0255	Tanzania	Moshi	-3.384	37.349	08/2018	arabiensis	PM	0.5	60	dead		FALSE	ERR9438017
EA18-0257	Tanzania	Moshi	-3.384	37.349	08/2018	arabiensis	PM	0.5	60	dead		FALSE	ERR9438018
EA18-0258	Tanzania	Moshi	-3.384	37.349	08/2018	arabiensis	PM	0.5	60	dead		FALSE	ERR9438163
EA18-0259	Tanzania	Moshi	-3.384	37.349	08/2018	arabiensis	PM	0.5	60	dead		FALSE	ERR9438164
EA18-0260	Tanzania	Moshi	-3.384	37.349	08/2018	arabiensis	PM	0.5	60	dead		FALSE	ERR9438165
EA18-0261	Tanzania	Moshi	-3.384	37.349	08/2018	arabiensis	PM	0.5	60	dead		FALSE	ERR9438166
EA18-0262	Tanzania	Moshi	-3.384	37.349	08/2018	arabiensis	PM	0.5	60	dead		FALSE	ERR9438167
EA18-0263	Tanzania	Moshi	-3.384	37.349	08/2018	arabiensis	PM	0.5	60	dead		FALSE	ERR9438168
EA18-0264	Tanzania	Moshi	-3.384	37.349	08/2018	arabiensis	PM	0.5	60	dead		FALSE	ERR9438169
EA18-0266	Tanzania	Moshi	-3.384	37.349	08/2018	arabiensis	PM	0.5	60	dead		FALSE	ERR9438170
EA18-0268	Tanzania	Moshi	-3.384	37.349	08/2018	arabiensis	PM	0.5	60	dead		FALSE	ERR9438172
EA18-0271	Tanzania	Moshi	-3.384	37.349	08/2018	arabiensis	PM	0.5	60	dead		FALSE	ERR9438174
EA18-0272	Tanzania	Moshi	-3.384	37.349	08/2018	arabiensis	PM	0.5	60	dead		FALSE	ERR9438175
EA18-0273	Tanzania	Moshi	-3.384	37.349	08/2018	arabiensis	PM	0.5	60	dead		FALSE	ERR9438176
EA18-0274	Tanzania	Moshi	-3.384	37.349	08/2018	arabiensis	PM	0.5	60	dead		FALSE	ERR9438177
EA18-0275	Tanzania	Moshi	-3.384	37.349	08/2018	arabiensis	PM	0.5	60	dead		FALSE	ERR9438178
EA18-0276	Tanzania	Moshi	-3.384	37.349	08/2018	arabiensis	PM	0.5	60	dead		FALSE	ERR9438179
EA18-0277	Tanzania	Moshi	-3.384	37.349	08/2018	arabiensis	PM	0.5	60	dead		FALSE	ERR9438180
EA18-0278	Tanzania	Moshi	-3.384	37.349	08/2018	arabiensis	PM	0.5	60	dead		FALSE	ERR9438181
EA18-0279	Tanzania	Moshi	-3.384	37.349	08/2018	arabiensis	PM	0.5	60	dead		FALSE	ERR9438182
EA18-0280	Tanzania	Moshi	-3.384	37.349	08/2018	arabiensis	PM	0.5	60	dead		FALSE	ERR9438183
EA18-0281	Tanzania	Moshi	-3.384	37.349	08/2018	arabiensis	PM	0.5	60	dead		FALSE	ERR9438184
EA18-0283	Tanzania	Moshi	-3.384	37.349	08/2018	arabiensis	PM	0.5	60	dead		FALSE	ERR9438185
EA18-0284	Tanzania	Moshi	-3.384	37.349	08/2018	arabiensis	PM	0.5	60	dead		FALSE	ERR9438186
EA18-0285	Tanzania	Moshi	-3.384	37.349	08/2018	arabiensis	PM	0.5	60	dead		FALSE	ERR9438259
EA18-0286	Tanzania	Moshi	-3.384	37.349	08/2018	arabiensis	PM	0.5	60	dead		FALSE	ERR9438260
EA18-0287	Tanzania	Moshi	-3.384	37.349	08/2018	arabiensis	PM	0.5	60	dead		FALSE	ERR9438261
EA18-0289	Tanzania	Moshi	-3.384	37.349	08/2018	arabiensis	PM	1	60	alive		FALSE	ERR9438262
EA18-0294	Tanzania	Moshi	-3.384	37.349	08/2018	arabiensis	PM	1	60	alive		FALSE	ERR9438263
EA18-0295	Tanzania	Moshi	-3.384	37.349	08/2018	arabiensis	PM	1	60	alive		FALSE	ERR9438264
EA18-0296	Tanzania	Moshi	-3.384	37.349	08/2018	arabiensis	PM	1	60	alive		FALSE	ERR9438265
EA18-0297	Tanzania	Moshi	-3.384	37.349	08/2018	arabiensis	PM	1	60	alive		FALSE	ERR9438266
EA18-0298	Tanzania	Moshi	-3.384	37.349	08/2018	arabiensis	PM	1	60	alive	2	FALSE	ERR9438267
EA18-0299	Tanzania	Moshi	-3.384	37.349	08/2018	arabiensis	PM	1	60	alive		FALSE	ERR9438268
EA18-0300	Tanzania	Moshi	-3.384	37.349	08/2018	arabiensis	PM	1	60	alive		FALSE	ERR9438269
EA18-0301	Tanzania	Moshi	-3.384	37.349	08/2018	arabiensis	PM	1	60	alive		FALSE	ERR9438270
EA18-0302	Tanzania	Moshi	-3.384	37.349	08/2018	arabiensis	PM	1	60	alive		FALSE	ERR9438187
EA18-0303	Tanzania	Moshi	-3.384	37.349	08/2018	arabiensis	PM	1	60	alive		FALSE	ERR9438188
EA18-0304	Tanzania	Moshi	-3.384	37.349	08/2018	arabiensis	PM	1	60	alive		FALSE	ERR9438189
EA18-0305	Tanzania	Moshi	-3.384	37.349	08/2018	arabiensis	PM	1	60	alive		FALSE	ERR9438190
EA18-0307	Tanzania	Moshi	-3.384	37.349	08/2018	arabiensis	PM	1	60	alive		FALSE	ERR9438191
EA18-0308	Tanzania	Moshi	-3.384	37.349	08/2018	arabiensis	PM	1	60	alive		FALSE	ERR9438192
EA18-0309	Tanzania	Moshi	-3.384	37.349	08/2018	arabiensis	PM	1	60	alive		FALSE	ERR9438193
EA18-0310	Tanzania	Moshi	-3.384	37.349	08/2018	arabiensis	PM	1	60	alive		FALSE	ERR9438194
EA18-0311	Tanzania	Moshi	-3.384	37.349	08/2018	arabiensis	PM	1	60	alive		FALSE	ERR9438195
EA18-0312	Tanzania	Moshi	-3.384	37.349	08/2018	arabiensis	PM	1	60	alive		FALSE	ERR9438196
EA18-0313	Tanzania	Moshi	-3.384	37.349	08/2018	arabiensis	PM	1	60	alive		FALSE	ERR9438197
EA18-0314	Tanzania	Moshi	-3.384	37.349	08/2018	arabiensis	PM	1	60	alive		FALSE	ERR9438198
EA18-0316	Tanzania	Moshi	-3.384	37.349	08/2018	arabiensis	PM	1	60	alive		FALSE	ERR9438283
EA18-0317	Tanzania	Moshi	-3.384	37.349	08/2018	arabiensis	PM	1	60	alive		FALSE	ERR9438284
EA18-0318	Tanzania	Moshi	-3.384	37.349	08/2018	arabiensis	PM	1	60	alive		FALSE	ERR9438285
EA18-0319	Tanzania	Moshi	-3.384	37.349	08/2018	arabiensis	PM	1	60	alive		FALSE	ERR9438286
EA18-0320	Tanzania	Moshi	-3.384	37.349	08/2018	arabiensis	PM	1	60	alive		FALSE	ERR9438287
EA18-0322	Tanzania	Moshi	-3.384	37.349	08/2018	arabiensis	PM	1	60	alive		FALSE	ERR9438288
EA18-0324	Tanzania	Moshi	-3.384	37.349	08/2018	arabiensis	PM	1	60	alive		FALSE	ERR9438289
EA18-0325	Tanzania	Moshi	-3.384	37.349	08/2018	arabiensis	PM	1	60	alive		FALSE	ERR9438290
EA18-0326	Tanzania	Moshi	-3.384	37.349	08/2018	arabiensis	PM	1	60	alive		FALSE	ERR9438291
EA18-0327	Tanzania	Moshi	-3.384	37.349	08/2018	arabiensis	PM	1	60	alive		FALSE	ERR9438292
EA18-0328	Tanzania	Moshi	-3.384	37.349	08/2018	arabiensis	PM	1	60	alive		FALSE	ERR9438293
EA18-0330	Tanzania	Moshi	-3.384	37.349	08/2018	arabiensis	PM	1	60	alive		FALSE	ERR9438294
EA18-0331	Tanzania	Moshi	-3.384	37.349	08/2018	arabiensis	PM	1	60	alive		FALSE	ERR9438271
EA18-0332	Tanzania	Moshi	-3.384	37.349	08/2018	arabiensis	PM	1	60	alive		FALSE	ERR9438272
EA18-0333	Tanzania	Moshi	-3.384	37.349	08/2018	arabiensis	PM	1	60	alive		FALSE	ERR9438273
EA18-0334	Tanzania	Moshi	-3.384	37.349	08/2018	arabiensis	PM	1	60	alive		FALSE	ERR9438274
EA18-0335	Tanzania	Moshi	-3.384	37.349	08/2018	arabiensis	PM	1	60	alive		FALSE	ERR9438275
EA18-0336	Tanzania	Moshi	-3.384	37.349	08/2018	arabiensis	PM	1	60	alive		FALSE	ERR9438276
EA18-0337	Tanzania	Moshi	-3.384	37.349	08/2018	arabiensis	PM	1	60	alive		FALSE	ERR9438277
EA18-0338	Tanzania	Moshi	-3.384	37.349	08/2018	arabiensis	PM	1	60	alive		FALSE	ERR9438278
EA18-0339	Tanzania	Moshi	-3.384	37.349	08/2018	arabiensis	PM	1	60	alive		FALSE	ERR9438279
EA18-0340	Tanzania	Moshi	-3.384	37.349	08/2018	arabiensis	PM	1	60	alive		FALSE	ERR9438280
EA18-0341	Tanzania	Moshi	-3.384	37.349	08/2018	arabiensis	PM	1	60	alive		FALSE	ERR9438281
EA18-0342	Tanzania	Moshi	-3.384	37.349	08/2018	arabiensis	PM	1	60	alive		FALSE	ERR9438282
EA18-0343	Tanzania	Moshi	-3.384	37.349	08/2018	arabiensis	PM	1	60	alive		FALSE	ERR9438295
EA18-0344	Tanzania	Moshi	-3.384	37.349	08/2018	arabiensis	PM	1	60	alive		FALSE	ERR9438296
EA18-0345	Tanzania	Moshi	-3.384	37.349	08/2018	arabiensis	PM	1	60	alive		FALSE	ERR9438297
EA18-0347	Tanzania	Moshi	-3.384	37.349	08/2018	arabiensis	PM	1	60	alive		FALSE	ERR9438298
EA18-0348	Tanzania	Moshi	-3.384	37.349	08/2018	arabiensis	PM	1	60	alive		FALSE	ERR9438299
EA18-0349	Tanzania	Moshi	-3.384	37.349	08/2018	arabiensis	PM	1	60	alive		FALSE	ERR9438300
EA18-0350	Tanzania	Moshi	-3.384	37.349	08/2018	arabiensis	PM	1	60	alive		FALSE	ERR9438301
EA18-0351	Tanzania	Moshi	-3.384	37.349	08/2018	arabiensis	PM	1	60	alive		FALSE	ERR9438302
EA18-0352	Tanzania	Moshi	-3.384	37.349	08/2018	arabiensis	PM	1	60	alive		FALSE	ERR9438303
EA18-0353	Tanzania	Moshi	-3.384	37.349	08/2018	arabiensis	PM	1	60	alive		FALSE	ERR9438304
EA18-0354	Tanzania	Moshi	-3.384	37.349	08/2018	arabiensis	PM	1	60	alive		FALSE	ERR9438305
EA18-0355	Tanzania	Moshi	-3.384	37.349	08/2018	arabiensis	PM	1	60	alive		FALSE	ERR9438306
EA18-0356	Tanzania	Moshi	-3.384	37.349	08/2018	arabiensis	PM	1	60	alive		FALSE	ERR9438354
EA18-0357	Tanzania	Moshi	-3.384	37.349	08/2018	arabiensis	PM	1	60	alive		FALSE	ERR9438355
EA18-0358	Tanzania	Moshi	-3.384	37.349	08/2018	arabiensis	PM	1	60	alive		FALSE	ERR9438356
EA18-0359	Tanzania	Moshi	-3.384	37.349	08/2018	arabiensis	PM	1	60	alive		FALSE	ERR9438357
EA18-0361	Tanzania	Moshi	-3.384	37.349	08/2018	arabiensis	PM	1	60	alive		FALSE	ERR9438358
EA18-0362	Tanzania	Moshi	-3.384	37.349	08/2018	arabiensis	PM	1	60	alive		FALSE	ERR9438359
EA18-0363	Tanzania	Moshi	-3.384	37.349	08/2018	arabiensis	PM	1	60	alive		FALSE	ERR9438360
EA18-0364	Tanzania	Moshi	-3.384	37.349	08/2018	arabiensis	PM	1	60	alive		FALSE	ERR9438361
EA18-0365	Tanzania	Moshi	-3.384	37.349	08/2018	arabiensis	PM	1	60	alive		FALSE	ERR9438362
EA18-0366	Tanzania	Moshi	-3.384	37.349	08/2018	arabiensis	PM	1	60	alive		FALSE	ERR9438363
EA18-0367	Tanzania	Moshi	-3.384	37.349	08/2018	arabiensis	PM	1	60	alive		FALSE	ERR9438364
EA18-0368	Tanzania	Moshi	-3.384	37.349	08/2018	arabiensis	PM	1	60	alive		FALSE	ERR9438365
EA18-0369	Tanzania	Moshi	-3.384	37.349	08/2018	arabiensis	PM	1	60	alive		FALSE	ERR9438378
EA18-0370	Tanzania	Moshi	-3.384	37.349	08/2018	arabiensis	PM	1	60	alive		FALSE	ERR9438379
EA18-0371	Tanzania	Moshi	-3.384	37.349	08/2018	arabiensis	PM	1	60	alive		FALSE	ERR9438380
EA18-0372	Tanzania	Moshi	-3.384	37.349	08/2018	arabiensis	PM	1	60	alive		FALSE	ERR9438381
EA18-0373	Tanzania	Moshi	-3.384	37.349	08/2018	arabiensis	PM	1	60	alive		FALSE	ERR9438382
EA18-0374	Tanzania	Moshi	-3.384	37.349	08/2018	arabiensis	PM	1	60	alive		FALSE	ERR9438383
EA18-0376	Tanzania	Moshi	-3.384	37.349	08/2018	arabiensis	PM	1	60	alive		FALSE	ERR9438385
EA18-0378	Tanzania	Moshi	-3.384	37.349	08/2018	arabiensis	PM	1	60	alive		FALSE	ERR9438386
EA18-0379	Tanzania	Moshi	-3.384	37.349	08/2018	arabiensis	PM	1	60	alive		FALSE	ERR9438387
EA18-0380	Tanzania	Moshi	-3.384	37.349	08/2018	arabiensis	PM	1	60	alive		FALSE	ERR9438388
EA18-0381	Tanzania	Moshi	-3.384	37.349	08/2018	arabiensis	PM	1	60	alive		FALSE	ERR9438389
EA18-0382	Tanzania	Moshi	-3.384	37.349	08/2018	arabiensis	PM	1	60	alive		FALSE	ERR9438366
EA18-0383	Tanzania	Moshi	-3.384	37.349	08/2018	arabiensis	PM	1	60	alive		FALSE	ERR9438367
EA18-0384	Tanzania	Moshi	-3.384	37.349	08/2018	arabiensis	PM	1	60	alive		FALSE	ERR9438368
EA18-0385	Tanzania	Muleba	-2.092	31.574	07/2018	arabiensis	Delta	0.5	60	dead		FALSE	ERR9438369
EA18-0386	Tanzania	Muleba	-2.092	31.574	07/2018	arabiensis	Delta	0.5	60	dead		FALSE	ERR9438370
EA18-0387	Tanzania	Muleba	-2.092	31.574	07/2018	arabiensis	Delta	0.5	60	dead		FALSE	ERR9438371
EA18-0388	Tanzania	Muleba	-2.092	31.574	07/2018	arabiensis	Delta	0.5	60	dead		FALSE	ERR9438372
EA18-0389	Tanzania	Muleba	-2.092	31.574	07/2018	arabiensis	Delta	0.5	60	dead		FALSE	ERR9438373
EA18-0390	Tanzania	Muleba	-2.092	31.574	07/2018	arabiensis	Delta	0.5	60	dead		FALSE	ERR9438374
EA18-0392	Tanzania	Muleba	-2.092	31.574	07/2018	arabiensis	Delta	0.5	60	dead		FALSE	ERR9438375
EA18-0393	Tanzania	Muleba	-2.092	31.574	07/2018	arabiensis	Delta	0.5	60	dead	3	TRUE	ERR9438376
EA18-0394	Tanzania	Muleba	-2.092	31.574	07/2018	arabiensis	Delta	0.5	60	dead		FALSE	ERR9438377
EA18-0395	Tanzania	Muleba	-2.092	31.574	07/2018	arabiensis	Delta	0.5	60	dead		FALSE	ERR9438330
EA18-0396	Tanzania	Muleba	-2.092	31.574	07/2018	arabiensis	Delta	0.5	60	dead		FALSE	ERR9438331
EA18-0397	Tanzania	Muleba	-2.092	31.574	07/2018	arabiensis	Delta	0.5	60	dead		FALSE	ERR9438332
EA18-0398	Tanzania	Muleba	-2.092	31.574	07/2018	arabiensis	Delta	0.5	60	dead		FALSE	ERR9438333
EA18-0399	Tanzania	Muleba	-2.092	31.574	07/2018	arabiensis	Delta	0.5	60	dead		FALSE	ERR9438334
EA18-0401	Tanzania	Muleba	-2.092	31.574	07/2018	arabiensis	Delta	0.5	60	dead		FALSE	ERR9438336
EA18-0402	Tanzania	Muleba	-2.092	31.574	07/2018	arabiensis	Delta	0.5	60	dead		FALSE	ERR9438337
EA18-0403	Tanzania	Muleba	-2.092	31.574	07/2018	arabiensis	Delta	0.5	60	dead		FALSE	ERR9438338
EA18-0404	Tanzania	Muleba	-2.092	31.574	07/2018	arabiensis	Delta	0.5	60	dead	4	TRUE	ERR9438339
EA18-0405	Tanzania	Muleba	-2.092	31.574	07/2018	arabiensis	Delta	0.5	60	dead		FALSE	ERR9438340
EA18-0406	Tanzania	Muleba	-2.092	31.574	07/2018	arabiensis	Delta	0.5	60	dead		FALSE	ERR9438341
EA18-0407	Tanzania	Muleba	-2.092	31.574	07/2018	arabiensis	Delta	0.5	60	dead		FALSE	ERR9438199
EA18-0408	Tanzania	Muleba	-2.092	31.574	07/2018	arabiensis	Delta	0.5	60	dead		FALSE	ERR9438200
EA18-0410	Tanzania	Muleba	-2.092	31.574	07/2018	arabiensis	Delta	0.5	60	dead		FALSE	ERR9438202
EA18-0411	Tanzania	Muleba	-2.092	31.574	07/2018	arabiensis	Delta	0.5	60	dead	5	FALSE	ERR9438203
EA18-0412	Tanzania	Muleba	-2.092	31.574	07/2018	arabiensis	Delta	0.5	60	dead		FALSE	ERR9438204
EA18-0414	Tanzania	Muleba	-2.092	31.574	07/2018	arabiensis	Delta	0.5	60	dead		FALSE	ERR9438206
EA18-0415	Tanzania	Muleba	-2.092	31.574	07/2018	arabiensis	Delta	0.5	60	dead		FALSE	ERR9438207
EA18-0416	Tanzania	Muleba	-2.092	31.574	07/2018	arabiensis	Delta	0.5	60	dead		FALSE	ERR9438208
EA18-0417	Tanzania	Muleba	-2.092	31.574	07/2018	arabiensis	Delta	0.5	60	dead		FALSE	ERR9438209
EA18-0418	Tanzania	Muleba	-2.092	31.574	07/2018	arabiensis	Delta	0.5	60	dead		FALSE	ERR9438210
EA18-0420	Tanzania	Muleba	-2.092	31.574	07/2018	arabiensis	Delta	0.5	60	dead		FALSE	ERR9438211
EA18-0421	Tanzania	Muleba	-2.092	31.574	07/2018	arabiensis	Delta	0.5	60	dead	6	FALSE	ERR9438212
EA18-0422	Tanzania	Muleba	-2.092	31.574	07/2018	arabiensis	Delta	0.5	60	dead		FALSE	ERR9438213
EA18-0423	Tanzania	Muleba	-2.092	31.574	07/2018	arabiensis	Delta	0.5	60	dead	7	TRUE	ERR9438214
EA18-0424	Tanzania	Muleba	-2.092	31.574	07/2018	arabiensis	Delta	0.5	60	dead		FALSE	ERR9438215
EA18-0425	Tanzania	Muleba	-2.092	31.574	07/2018	arabiensis	Delta	0.5	60	dead		FALSE	ERR9438216
EA18-0426	Tanzania	Muleba	-2.092	31.574	07/2018	arabiensis	Delta	0.5	60	dead		FALSE	ERR9438217
EA18-0427	Tanzania	Muleba	-2.092	31.574	07/2018	arabiensis	Delta	0.5	60	dead		FALSE	ERR9438218
EA18-0428	Tanzania	Muleba	-2.092	31.574	07/2018	arabiensis	Delta	0.5	60	dead		FALSE	ERR9438219
EA18-0429	Tanzania	Muleba	-2.092	31.574	07/2018	arabiensis	Delta	0.5	60	dead		FALSE	ERR9438220
EA18-0430	Tanzania	Muleba	-2.092	31.574	07/2018	arabiensis	Delta	0.5	60	dead		FALSE	ERR9438221
EA18-0431	Tanzania	Muleba	-2.092	31.574	07/2018	arabiensis	Delta	0.5	60	dead		FALSE	ERR9438222
EA18-0432	Tanzania	Muleba	-2.092	31.574	07/2018	arabiensis	Delta	0.5	60	dead		FALSE	ERR9438223
EA18-0433	Tanzania	Muleba	-2.092	31.574	07/2018	arabiensis	Delta	0.5	60	dead		FALSE	ERR9438224
EA18-0434	Tanzania	Muleba	-2.092	31.574	07/2018	arabiensis	Delta	0.5	60	dead		FALSE	ERR9438225
EA18-0435	Tanzania	Muleba	-2.092	31.574	07/2018	arabiensis	Delta	0.5	60	dead	8	FALSE	ERR9438226
EA18-0436	Tanzania	Muleba	-2.092	31.574	07/2018	arabiensis	Delta	0.5	60	dead		FALSE	ERR9438227
EA18-0437	Tanzania	Muleba	-2.092	31.574	07/2018	arabiensis	Delta	0.5	60	dead		FALSE	ERR9438228
EA18-0438	Tanzania	Muleba	-2.092	31.574	07/2018	arabiensis	Delta	0.5	60	dead		FALSE	ERR9438229
EA18-0440	Tanzania	Muleba	-2.092	31.574	07/2018	arabiensis	Delta	0.5	60	dead	9	TRUE	ERR9438230
EA18-0441	Tanzania	Muleba	-2.092	31.574	07/2018	arabiensis	Delta	0.5	60	dead		FALSE	ERR9438231
EA18-0442	Tanzania	Muleba	-2.092	31.574	07/2018	arabiensis	Delta	0.5	60	dead		FALSE	ERR9438232
EA18-0443	Tanzania	Muleba	-2.092	31.574	07/2018	arabiensis	Delta	0.5	60	dead		FALSE	ERR9438233
EA18-0444	Tanzania	Muleba	-2.092	31.574	07/2018	arabiensis	Delta	0.5	60	dead		FALSE	ERR9438234
EA18-0445	Tanzania	Muleba	-2.092	31.574	07/2018	arabiensis	Delta	0.5	60	dead		FALSE	ERR9438247
EA18-0446	Tanzania	Muleba	-2.092	31.574	07/2018	arabiensis	Delta	0.5	60	dead		FALSE	ERR9438248
EA18-0447	Tanzania	Muleba	-2.092	31.574	07/2018	arabiensis	Delta	0.5	60	dead		FALSE	ERR9438249
EA18-0449	Tanzania	Muleba	-2.092	31.574	07/2018	arabiensis	Delta	0.5	60	dead		FALSE	ERR9438250
EA18-0450	Tanzania	Muleba	-2.092	31.574	07/2018	arabiensis	Delta	0.5	60	dead		FALSE	ERR9438251
EA18-0451	Tanzania	Muleba	-2.092	31.574	07/2018	arabiensis	Delta	0.5	60	dead		FALSE	ERR9438252
EA18-0452	Tanzania	Muleba	-2.092	31.574	07/2018	arabiensis	Delta	0.5	60	dead	5	TRUE	ERR9438253
EA18-0453	Tanzania	Muleba	-2.092	31.574	07/2018	arabiensis	Delta	0.5	60	dead		FALSE	ERR9438254
EA18-0454	Tanzania	Muleba	-2.092	31.574	07/2018	arabiensis	Delta	0.5	60	dead		FALSE	ERR9438255
EA18-0456	Tanzania	Muleba	-2.092	31.574	07/2018	arabiensis	Delta	0.5	60	dead		FALSE	ERR9438257
EA18-0457	Tanzania	Muleba	-2.092	31.574	07/2018	arabiensis	Delta	0.5	60	dead		FALSE	ERR9438258
EA18-0458	Tanzania	Muleba	-2.092	31.574	07/2018	arabiensis	Delta	0.5	60	dead		FALSE	ERR9438235
EA18-0459	Tanzania	Muleba	-2.092	31.574	07/2018	arabiensis	Delta	0.5	60	dead		FALSE	ERR9438236
EA18-0460	Tanzania	Muleba	-2.092	31.574	07/2018	arabiensis	Delta	0.5	60	dead		FALSE	ERR9438237
EA18-0461	Tanzania	Muleba	-2.092	31.574	07/2018	arabiensis	Delta	0.5	60	dead		FALSE	ERR9438238
EA18-0462	Tanzania	Muleba	-2.092	31.574	07/2018	arabiensis	Delta	0.5	60	dead	4	FALSE	ERR9438239
EA18-0463	Tanzania	Muleba	-2.092	31.574	07/2018	arabiensis	Delta	0.5	60	dead		FALSE	ERR9438240
EA18-0464	Tanzania	Muleba	-2.092	31.574	07/2018	arabiensis	Delta	0.5	60	dead		FALSE	ERR9438241
EA18-0465	Tanzania	Muleba	-2.092	31.574	07/2018	arabiensis	Delta	0.5	60	dead		FALSE	ERR9438242
EA18-0466	Tanzania	Muleba	-2.092	31.574	07/2018	arabiensis	Delta	0.5	60	dead		FALSE	ERR9438243
EA18-0467	Tanzania	Muleba	-2.092	31.574	07/2018	arabiensis	Delta	0.5	60	dead		FALSE	ERR9438244
EA18-0468	Tanzania	Muleba	-2.092	31.574	07/2018	arabiensis	Delta	0.5	60	dead	10	TRUE	ERR9438245
EA18-0469	Tanzania	Muleba	-2.092	31.574	07/2018	arabiensis	Delta	0.5	60	dead		FALSE	ERR9438246
EA18-0470	Tanzania	Muleba	-2.092	31.574	07/2018	arabiensis	Delta	0.5	60	dead		FALSE	ERR9438390
EA18-0471	Tanzania	Muleba	-2.092	31.574	07/2018	arabiensis	Delta	0.5	60	dead		FALSE	ERR9438391
EA18-0472	Tanzania	Muleba	-2.092	31.574	07/2018	arabiensis	Delta	0.5	60	dead		FALSE	ERR9438392
EA18-0473	Tanzania	Muleba	-2.092	31.574	07/2018	arabiensis	Delta	0.5	60	dead	11	FALSE	ERR9438393
EA18-0474	Tanzania	Muleba	-2.092	31.574	07/2018	arabiensis	Delta	0.5	60	dead	12	FALSE	ERR9438394
EA18-0475	Tanzania	Muleba	-2.092	31.574	07/2018	arabiensis	Delta	0.5	60	dead		FALSE	ERR9438395
EA18-0476	Tanzania	Muleba	-2.092	31.574	07/2018	arabiensis	Delta	0.5	60	dead		FALSE	ERR9438396
EA18-0477	Tanzania	Muleba	-2.092	31.574	07/2018	arabiensis	Delta	0.5	60	dead		FALSE	ERR9438397
EA18-0478	Tanzania	Muleba	-2.092	31.574	07/2018	arabiensis	Delta	0.5	60	dead	8	TRUE	ERR9438398
EA18-0479	Tanzania	Muleba	-2.092	31.574	07/2018	arabiensis	Delta	0.5	60	dead		FALSE	ERR9438399
EA18-0480	Tanzania	Muleba	-2.092	31.574	07/2018	arabiensis	Delta	0.5	60	dead		FALSE	ERR9438400
EA18-0481	Tanzania	Muleba	-2.092	31.574	07/2018	arabiensis	Delta	1	60	alive		FALSE	ERR9438401
EA18-0482	Tanzania	Muleba	-2.092	31.574	07/2018	arabiensis	Delta	1	60	alive		FALSE	ERR9438402
EA18-0483	Tanzania	Muleba	-2.092	31.574	07/2018	arabiensis	Delta	1	60	alive		FALSE	ERR9438403
EA18-0484	Tanzania	Muleba	-2.092	31.574	07/2018	arabiensis	Delta	1	60	alive	10	FALSE	ERR9438404
EA18-0485	Tanzania	Muleba	-2.092	31.574	07/2018	arabiensis	Delta	1	60	alive		FALSE	ERR9438405
EA18-0486	Tanzania	Muleba	-2.092	31.574	07/2018	arabiensis	Delta	1	60	alive	13	FALSE	ERR9438406
EA18-0487	Tanzania	Muleba	-2.092	31.574	07/2018	arabiensis	Delta	1	60	alive		FALSE	ERR9438407
EA18-0488	Tanzania	Muleba	-2.092	31.574	07/2018	arabiensis	Delta	1	60	alive	10	TRUE	ERR9438408
EA18-0489	Tanzania	Muleba	-2.092	31.574	07/2018	arabiensis	Delta	1	60	alive	11	TRUE	ERR9438409
EA18-0490	Tanzania	Muleba	-2.092	31.574	07/2018	arabiensis	Delta	1	60	alive	14	FALSE	ERR9438410
EA18-0491	Tanzania	Muleba	-2.092	31.574	07/2018	arabiensis	Delta	1	60	alive		FALSE	ERR9438411
EA18-0492	Tanzania	Muleba	-2.092	31.574	07/2018	arabiensis	Delta	1	60	alive		FALSE	ERR9438412
EA18-0493	Tanzania	Muleba	-2.092	31.574	07/2018	arabiensis	Delta	1	60	alive		FALSE	ERR9438413
EA18-0494	Tanzania	Muleba	-2.092	31.574	07/2018	arabiensis	Delta	1	60	alive		FALSE	ERR9438414
EA18-0495	Tanzania	Muleba	-2.092	31.574	07/2018	arabiensis	Delta	1	60	alive		FALSE	ERR9438415
EA18-0496	Tanzania	Muleba	-2.092	31.574	07/2018	arabiensis	Delta	1	60	alive		FALSE	ERR9438416
EA18-0497	Tanzania	Muleba	-2.092	31.574	07/2018	arabiensis	Delta	1	60	alive	3	FALSE	ERR9438417
EA18-0498	Tanzania	Muleba	-2.092	31.574	07/2018	arabiensis	Delta	1	60	alive		FALSE	ERR9438418
EA18-0499	Tanzania	Muleba	-2.092	31.574	07/2018	arabiensis	Delta	1	60	alive		FALSE	ERR9438419
EA18-0500	Tanzania	Muleba	-2.092	31.574	07/2018	arabiensis	Delta	1	60	alive		FALSE	ERR9438420
EA18-0501	Tanzania	Muleba	-2.092	31.574	07/2018	arabiensis	Delta	1	60	alive		FALSE	ERR9438421
EA18-0502	Tanzania	Muleba	-2.092	31.574	07/2018	arabiensis	Delta	1	60	alive	14	TRUE	ERR9438422
EA18-0503	Tanzania	Muleba	-2.092	31.574	07/2018	arabiensis	Delta	1	60	alive		FALSE	ERR9438423
EA18-0504	Tanzania	Muleba	-2.092	31.574	07/2018	arabiensis	Delta	1	60	alive		FALSE	ERR9438424
EA18-0505	Tanzania	Muleba	-2.092	31.574	07/2018	arabiensis	Delta	1	60	alive		FALSE	ERR9438425
EA18-0506	Tanzania	Muleba	-2.092	31.574	07/2018	arabiensis	Delta	1	60	alive		FALSE	ERR9438426
EA18-0507	Tanzania	Muleba	-2.092	31.574	07/2018	arabiensis	Delta	1	60	alive		FALSE	ERR9438427
EA18-0508	Tanzania	Muleba	-2.092	31.574	07/2018	arabiensis	Delta	1	60	alive		FALSE	ERR9438428
EA18-0509	Tanzania	Muleba	-2.092	31.574	07/2018	arabiensis	Delta	1	60	alive		FALSE	ERR9438429
EA18-0510	Tanzania	Muleba	-2.092	31.574	07/2018	arabiensis	Delta	1	60	alive		FALSE	ERR9438430
EA18-0511	Tanzania	Muleba	-2.092	31.574	07/2018	arabiensis	Delta	1	60	alive	12	TRUE	ERR9438431
EA18-0512	Tanzania	Muleba	-2.092	31.574	07/2018	arabiensis	Delta	1	60	alive		FALSE	ERR9438432
EA18-0513	Tanzania	Muleba	-2.092	31.574	07/2018	arabiensis	Delta	1	60	alive		FALSE	ERR9438433
EA18-0514	Tanzania	Muleba	-2.092	31.574	07/2018	arabiensis	Delta	1	60	alive	15	TRUE	ERR9438434
EA18-0515	Tanzania	Muleba	-2.092	31.574	07/2018	arabiensis	Delta	1	60	alive		FALSE	ERR9438435
EA18-0516	Tanzania	Muleba	-2.092	31.574	07/2018	arabiensis	Delta	1	60	alive	16	TRUE	ERR9438436
EA18-0517	Tanzania	Muleba	-2.092	31.574	07/2018	arabiensis	Delta	1	60	alive		FALSE	ERR9438437
EA18-0518	Tanzania	Muleba	-2.092	31.574	07/2018	arabiensis	Delta	1	60	alive		FALSE	ERR9438450
EA18-0520	Tanzania	Muleba	-2.092	31.574	07/2018	arabiensis	Delta	1	60	alive		FALSE	ERR9438452
EA18-0521	Tanzania	Muleba	-2.092	31.574	07/2018	arabiensis	Delta	1	60	alive		FALSE	ERR9438453
EA18-0522	Tanzania	Muleba	-2.092	31.574	07/2018	arabiensis	Delta	1	60	alive	17	FALSE	ERR9438454
EA18-0523	Tanzania	Muleba	-2.092	31.574	07/2018	arabiensis	Delta	1	60	alive		FALSE	ERR9438455
EA18-0524	Tanzania	Muleba	-2.092	31.574	07/2018	arabiensis	Delta	1	60	alive		FALSE	ERR9438456
EA18-0525	Tanzania	Muleba	-2.092	31.574	07/2018	arabiensis	Delta	1	60	alive		FALSE	ERR9438457
EA18-0526	Tanzania	Muleba	-2.092	31.574	07/2018	arabiensis	Delta	1	60	alive	18	FALSE	ERR9438458
EA18-0527	Tanzania	Muleba	-2.092	31.574	07/2018	arabiensis	Delta	1	60	alive	13	TRUE	ERR9438459
EA18-0528	Tanzania	Muleba	-2.092	31.574	07/2018	arabiensis	Delta	1	60	alive		FALSE	ERR9438460
EA18-0529	Tanzania	Muleba	-2.092	31.574	07/2018	arabiensis	Delta	1	60	alive		FALSE	ERR9438461
EA18-0531	Tanzania	Muleba	-2.092	31.574	07/2018	arabiensis	Delta	1	60	alive		FALSE	ERR9438438
EA18-0532	Tanzania	Muleba	-2.092	31.574	07/2018	arabiensis	Delta	1	60	alive		FALSE	ERR9438439
EA18-0533	Tanzania	Muleba	-2.092	31.574	07/2018	arabiensis	Delta	1	60	alive		FALSE	ERR9438440
EA18-0534	Tanzania	Muleba	-2.092	31.574	07/2018	arabiensis	Delta	1	60	alive	16	FALSE	ERR9438441
EA18-0535	Tanzania	Muleba	-2.092	31.574	07/2018	arabiensis	Delta	1	60	alive		FALSE	ERR9438442
EA18-0536	Tanzania	Muleba	-2.092	31.574	07/2018	arabiensis	Delta	1	60	alive		FALSE	ERR9438443
EA18-0537	Tanzania	Muleba	-2.092	31.574	07/2018	arabiensis	Delta	1	60	alive		FALSE	ERR9438444
EA18-0538	Tanzania	Muleba	-2.092	31.574	07/2018	arabiensis	Delta	1	60	alive		FALSE	ERR9438445
EA18-0539	Tanzania	Muleba	-2.092	31.574	07/2018	arabiensis	Delta	1	60	alive	7	TRUE	ERR9438446
EA18-0540	Tanzania	Muleba	-2.092	31.574	07/2018	arabiensis	Delta	1	60	alive		FALSE	ERR9438447
EA18-0542	Tanzania	Muleba	-2.092	31.574	07/2018	arabiensis	Delta	1	60	alive		FALSE	ERR9438449
EA18-0543	Tanzania	Muleba	-2.092	31.574	07/2018	arabiensis	Delta	1	60	alive		FALSE	ERR9438307
EA18-0544	Tanzania	Muleba	-2.092	31.574	07/2018	arabiensis	Delta	1	60	alive		FALSE	ERR9438308
EA18-0545	Tanzania	Muleba	-2.092	31.574	07/2018	arabiensis	Delta	1	60	alive		FALSE	ERR9438309
EA18-0546	Tanzania	Muleba	-2.092	31.574	07/2018	arabiensis	Delta	1	60	alive		FALSE	ERR9438310
EA18-0547	Tanzania	Muleba	-2.092	31.574	07/2018	arabiensis	Delta	1	60	alive		FALSE	ERR9438311
EA18-0548	Tanzania	Muleba	-2.092	31.574	07/2018	arabiensis	Delta	1	60	alive	15	FALSE	ERR9438312
EA18-0549	Tanzania	Muleba	-2.092	31.574	07/2018	arabiensis	Delta	1	60	alive		FALSE	ERR9438313
EA18-0550	Tanzania	Muleba	-2.092	31.574	07/2018	arabiensis	Delta	1	60	alive		FALSE	ERR9438314
EA18-0551	Tanzania	Muleba	-2.092	31.574	07/2018	arabiensis	Delta	1	60	alive		FALSE	ERR9438315
EA18-0552	Tanzania	Muleba	-2.092	31.574	07/2018	arabiensis	Delta	1	60	alive	7	FALSE	ERR9438316
EA18-0553	Tanzania	Muleba	-2.092	31.574	07/2018	arabiensis	Delta	1	60	alive		FALSE	ERR9438317
EA18-0554	Tanzania	Muleba	-2.092	31.574	07/2018	arabiensis	Delta	1	60	alive	9	FALSE	ERR9438462
EA18-0555	Tanzania	Muleba	-2.092	31.574	07/2018	arabiensis	Delta	1	60	alive		FALSE	ERR9438463
EA18-0556	Tanzania	Muleba	-2.092	31.574	07/2018	arabiensis	Delta	1	60	alive		FALSE	ERR9438464
EA18-0557	Tanzania	Muleba	-2.092	31.574	07/2018	arabiensis	Delta	1	60	alive		FALSE	ERR9438465
EA18-0558	Tanzania	Muleba	-2.092	31.574	07/2018	arabiensis	Delta	1	60	alive		FALSE	ERR9438466
EA18-0559	Tanzania	Muleba	-2.092	31.574	07/2018	arabiensis	Delta	1	60	alive		FALSE	ERR9438467
EA18-0560	Tanzania	Muleba	-2.092	31.574	07/2018	arabiensis	Delta	1	60	alive	18	TRUE	ERR9438468
EA18-0561	Tanzania	Muleba	-2.092	31.574	07/2018	arabiensis	Delta	1	60	alive		FALSE	ERR9438469
EA18-0562	Tanzania	Muleba	-2.092	31.574	07/2018	arabiensis	Delta	1	60	alive	17	TRUE	ERR9438470
EA18-0563	Tanzania	Muleba	-2.092	31.574	07/2018	arabiensis	Delta	1	60	alive		FALSE	ERR9438471
EA18-0564	Tanzania	Muleba	-2.092	31.574	07/2018	arabiensis	Delta	1	60	alive		FALSE	ERR9438472
EA18-0565	Tanzania	Muleba	-2.092	31.574	07/2018	arabiensis	Delta	1	60	alive		FALSE	ERR9438473
EA18-0566	Tanzania	Muleba	-2.092	31.574	07/2018	arabiensis	Delta	1	60	alive		FALSE	ERR9438474
EA18-0567	Tanzania	Muleba	-2.092	31.574	07/2018	arabiensis	Delta	1	60	alive		FALSE	ERR9438475
EA18-0568	Tanzania	Muleba	-2.092	31.574	07/2018	arabiensis	Delta	1	60	alive		FALSE	ERR9438476
EA18-0569	Tanzania	Muleba	-2.092	31.574	07/2018	arabiensis	Delta	1	60	alive		FALSE	ERR9438477
EA18-0570	Tanzania	Muleba	-2.092	31.574	07/2018	arabiensis	Delta	1	60	alive		FALSE	ERR9438478
EA18-0571	Tanzania	Muleba	-2.092	31.574	07/2018	arabiensis	Delta	1	60	alive	6	TRUE	ERR9438479
EA18-0572	Tanzania	Muleba	-2.092	31.574	07/2018	arabiensis	Delta	1	60	alive		FALSE	ERR9438480
EA18-0573	Tanzania	Muleba	-2.092	31.574	07/2018	arabiensis	Delta	1	60	alive		FALSE	ERR9438481
EA18-0575	Tanzania	Muleba	-2.092	31.574	07/2018	arabiensis	Delta	1	60	alive		FALSE	ERR9438482
EA18-0576	Tanzania	Muleba	-2.092	31.574	07/2018	arabiensis	Delta	1	60	alive		FALSE	ERR9438483
