sample.set	chrom	start	end
Moshi_arabiensis_Delta	3R	22650000	22750000
Moshi_arabiensis_Delta	3R	22850000	22950000
Moshi_arabiensis_Delta	2L	12450000	12550000
Moshi_arabiensis_Delta	3L	35650000	35750000
Moshi_arabiensis_Delta	3R	22550000	22650000
Moshi_arabiensis_Delta	2R	31650000	31750000
Moshi_arabiensis_Delta	3R	5050000	5150000
Moshi_arabiensis_Delta	3L	28350000	28450000
Moshi_arabiensis_Delta	3R	37250000	37350000
Muleba_arabiensis_Delta	2R	13350000	13450000
Muleba_arabiensis_Delta	2R	28750000	28850000
Muleba_arabiensis_Delta	2R	28050000	28150000
Muleba_arabiensis_Delta	2R	28650000	28750000
Muleba_arabiensis_Delta	2R	28150000	28250000
Muleba_arabiensis_Delta	2R	27850000	27950000
Muleba_arabiensis_Delta	3R	42250000	42350000
Muleba_arabiensis_Delta	2R	28850000	28950000
Muleba_arabiensis_Delta	3R	42150000	42250000
Muleba_arabiensis_Delta	2R	15850000	15950000
Muleba_arabiensis_Delta	3R	9150000	9250000
Moshi_arabiensis_PM	3R	20250000	20350000
Moshi_arabiensis_PM	2L	11650000	11750000
Moshi_arabiensis_PM	3R	30150000	30250000
Moshi_arabiensis_PM	3R	44450000	44550000
Moshi_arabiensis_PM	2R	13350000	13450000
Moshi_arabiensis_PM	3L	18550000	18650000
Moshi_arabiensis_PM	3R	11550000	11650000
Moshi_arabiensis_PM	2L	44450000	44550000
Moshi_arabiensis_PM	2R	3050000	3150000
Moshi_arabiensis_PM	3R	22050000	22150000
Moshi_arabiensis_PM	3R	35350000	35450000
Moshi_arabiensis_PM	2L	7850000	7950000
