Chrom	Pos	Window.name	In.window	logregP	direction	ref	alts	major.alt	snpEff	genes	effects
2L	37429647	2L:37449369	FALSE	0.00656064949258534	-1	T	A	A	"ANN=A|intron_variant|MODIFIER|AGAP006735|AGAP006735|transcript|AGAP006735-RA|protein_coding|6/8|c.2829-39A>T||||||"	AGAP006735	intron_variant
2L	37429859	2L:37449369	FALSE	0.00598384840172654	-1	C	T	T	"ANN=T|intron_variant|MODIFIER|AGAP006735|AGAP006735|transcript|AGAP006735-RA|protein_coding|6/8|c.2828+75G>A||||||"	AGAP006735	intron_variant
2L	37430319	2L:37449369	FALSE	0.00953433705039833	1	G	A	A	"ANN=A|synonymous_variant|LOW|AGAP006735|AGAP006735|transcript|AGAP006735-RA|protein_coding|5/9|c.2512C>T|p.Leu838Leu|2512/5739|2512/5739|838/1912||"	AGAP006735	synonymous_variant
2L	37430353	2L:37449369	FALSE	0.00458639482314892	1	C	T	T	"ANN=T|synonymous_variant|LOW|AGAP006735|AGAP006735|transcript|AGAP006735-RA|protein_coding|5/9|c.2478G>A|p.Lys826Lys|2478/5739|2478/5739|826/1912||"	AGAP006735	synonymous_variant
2L	37432878	2L:37449369	FALSE	0.00154252509219481	-1	T	C	C	"ANN=C|missense_variant|MODERATE|AGAP006735|AGAP006735|transcript|AGAP006735-RA|protein_coding|2/9|c.173A>G|p.Asn58Ser|173/5739|173/5739|58/1912||"	AGAP006735	missense_variant
2L	37432943	2L:37449369	FALSE	0.00219363338198697	1	G	C	C	"ANN=C|intron_variant|MODIFIER|AGAP006735|AGAP006735|transcript|AGAP006735-RA|protein_coding|1/8|c.117-9C>G||||||"	AGAP006735	intron_variant
2L	37432949	2L:37449369	FALSE	0.000746300067826393	1	G	T	T	"ANN=T|intron_variant|MODIFIER|AGAP006735|AGAP006735|transcript|AGAP006735-RA|protein_coding|1/8|c.117-15C>A||||||"	AGAP006735	intron_variant
2L	37432978	2L:37449369	FALSE	0.000746300067826393	1	G	A	A	"ANN=A|intron_variant|MODIFIER|AGAP006735|AGAP006735|transcript|AGAP006735-RA|protein_coding|1/8|c.117-44C>T||||||"	AGAP006735	intron_variant
2L	37433168	2L:37449369	FALSE	0.00493428130265	1	G	A	A	"ANN=A|upstream_gene_variant|MODIFIER|AGAP006735|AGAP006735|transcript|AGAP006735-RA|protein_coding||c.-29C>T|||||29|,A|intergenic_region|MODIFIER|AGAP006735-AGAP006736|AGAP006735-AGAP006736|intergenic_region|AGAP006735-AGAP006736|||n.37433168G>A||||||"	AGAP006735|AGAP006736	upstream_gene_variant,intergenic_region
2L	37435056	2L:37449369	FALSE	0.00869850939858307	-1	G	T	T	"ANN=T|upstream_gene_variant|MODIFIER|AGAP006735|AGAP006735|transcript|AGAP006735-RA|protein_coding||c.-1917C>A|||||1917|,T|intergenic_region|MODIFIER|AGAP006735-AGAP006736|AGAP006735-AGAP006736|intergenic_region|AGAP006735-AGAP006736|||n.37435056G>T||||||"	AGAP006735|AGAP006736	upstream_gene_variant,intergenic_region
2L	37435057	2L:37449369	FALSE	0.00654520458132142	-1	C	A	A	"ANN=A|upstream_gene_variant|MODIFIER|AGAP006735|AGAP006735|transcript|AGAP006735-RA|protein_coding||c.-1918G>T|||||1918|,A|intergenic_region|MODIFIER|AGAP006735-AGAP006736|AGAP006735-AGAP006736|intergenic_region|AGAP006735-AGAP006736|||n.37435057C>A||||||"	AGAP006735|AGAP006736	upstream_gene_variant,intergenic_region
2L	37435212	2L:37449369	FALSE	0.00362530255860088	-1	G	A	A	"ANN=A|upstream_gene_variant|MODIFIER|AGAP006735|AGAP006735|transcript|AGAP006735-RA|protein_coding||c.-2073C>T|||||2073|,A|upstream_gene_variant|MODIFIER|AGAP006736|AGAP006736|transcript|AGAP006736-RA|protein_coding||c.-5597G>A|||||4949|,A|intergenic_region|MODIFIER|AGAP006735-AGAP006736|AGAP006735-AGAP006736|intergenic_region|AGAP006735-AGAP006736|||n.37435212G>A||||||"	AGAP006735|AGAP006736	upstream_gene_variant,upstream_gene_variant,intergenic_region
2L	37435261	2L:37449369	FALSE	0.00759986681045235	-1	C	T	T	"ANN=T|upstream_gene_variant|MODIFIER|AGAP006735|AGAP006735|transcript|AGAP006735-RA|protein_coding||c.-2122G>A|||||2122|,T|upstream_gene_variant|MODIFIER|AGAP006736|AGAP006736|transcript|AGAP006736-RA|protein_coding||c.-5548C>T|||||4900|,T|intergenic_region|MODIFIER|AGAP006735-AGAP006736|AGAP006735-AGAP006736|intergenic_region|AGAP006735-AGAP006736|||n.37435261C>T||||||"	AGAP006735|AGAP006736	upstream_gene_variant,upstream_gene_variant,intergenic_region
2L	37435866	2L:37449369	FALSE	0.00961841096822264	-1	C	T	T	"ANN=T|upstream_gene_variant|MODIFIER|AGAP006735|AGAP006735|transcript|AGAP006735-RA|protein_coding||c.-2727G>A|||||2727|,T|upstream_gene_variant|MODIFIER|AGAP006736|AGAP006736|transcript|AGAP006736-RA|protein_coding||c.-4943C>T|||||4295|,T|intergenic_region|MODIFIER|AGAP006735-AGAP006736|AGAP006735-AGAP006736|intergenic_region|AGAP006735-AGAP006736|||n.37435866C>T||||||"	AGAP006735|AGAP006736	upstream_gene_variant,upstream_gene_variant,intergenic_region
2L	37435881	2L:37449369	FALSE	0.00961841096822264	-1	A	T	T	"ANN=T|upstream_gene_variant|MODIFIER|AGAP006735|AGAP006735|transcript|AGAP006735-RA|protein_coding||c.-2742T>A|||||2742|,T|upstream_gene_variant|MODIFIER|AGAP006736|AGAP006736|transcript|AGAP006736-RA|protein_coding||c.-4928A>T|||||4280|,T|intergenic_region|MODIFIER|AGAP006735-AGAP006736|AGAP006735-AGAP006736|intergenic_region|AGAP006735-AGAP006736|||n.37435881A>T||||||"	AGAP006735|AGAP006736	upstream_gene_variant,upstream_gene_variant,intergenic_region
2L	37437313	2L:37449369	FALSE	0.00458639387733775	1	T	A	A	"ANN=A|upstream_gene_variant|MODIFIER|AGAP006735|AGAP006735|transcript|AGAP006735-RA|protein_coding||c.-4174A>T|||||4174|,A|upstream_gene_variant|MODIFIER|AGAP006736|AGAP006736|transcript|AGAP006736-RA|protein_coding||c.-3496T>A|||||2848|,A|intergenic_region|MODIFIER|AGAP006735-AGAP006736|AGAP006735-AGAP006736|intergenic_region|AGAP006735-AGAP006736|||n.37437313T>A||||||"	AGAP006735|AGAP006736	upstream_gene_variant,upstream_gene_variant,intergenic_region
2L	37437436	2L:37449369	FALSE	0.00926749143782653	1	C	A,T	T	"Multiallelic;ANN=A|upstream_gene_variant|MODIFIER|AGAP006735|AGAP006735|transcript|AGAP006735-RA|protein_coding||c.-4297G>T|||||4297|,T|upstream_gene_variant|MODIFIER|AGAP006735|AGAP006735|transcript|AGAP006735-RA|protein_coding||c.-4297G>A|||||4297|,A|upstream_gene_variant|MODIFIER|AGAP006736|AGAP006736|transcript|AGAP006736-RA|protein_coding||c.-3373C>A|||||2725|,T|upstream_gene_variant|MODIFIER|AGAP006736|AGAP006736|transcript|AGAP006736-RA|protein_coding||c.-3373C>T|||||2725|,A|intergenic_region|MODIFIER|AGAP006735-AGAP006736|AGAP006735-AGAP006736|intergenic_region|AGAP006735-AGAP006736|||n.37437436C>A||||||,T|intergenic_region|MODIFIER|AGAP006735-AGAP006736|AGAP006735-AGAP006736|intergenic_region|AGAP006735-AGAP006736|||n.37437436C>T||||||"	AGAP006735|AGAP006736	upstream_gene_variant,upstream_gene_variant,upstream_gene_variant,upstream_gene_variant,intergenic_region,intergenic_region
2L	37440673	2L:37449369	TRUE	0.0030777526469121	-1	T	C	C	"ANN=C|5_prime_UTR_premature_start_codon_gain_variant|LOW|AGAP006736|AGAP006736|transcript|AGAP006736-RA|protein_coding|1/3|c.-136T>C||||||,C|5_prime_UTR_variant|MODIFIER|AGAP006736|AGAP006736|transcript|AGAP006736-RA|protein_coding|1/3|c.-136T>C|||||136|"	AGAP006736	5_prime_UTR_premature_start_codon_gain_variant,5_prime_UTR_variant
2L	37440713	2L:37449369	TRUE	0.000962595457402431	1	G	A	A	"ANN=A|5_prime_UTR_variant|MODIFIER|AGAP006736|AGAP006736|transcript|AGAP006736-RA|protein_coding|1/3|c.-96G>A|||||96|"	AGAP006736	5_prime_UTR_variant
2L	37441521	2L:37449369	TRUE	0.000164289345452334	1	C	T,G	G	"Multiallelic;ANN=G|intron_variant|MODIFIER|AGAP006736|AGAP006736|transcript|AGAP006736-RA|protein_coding|1/2|c.614+99C>G||||||,T|intron_variant|MODIFIER|AGAP006736|AGAP006736|transcript|AGAP006736-RA|protein_coding|1/2|c.614+99C>T||||||"	AGAP006736	intron_variant,intron_variant
2L	37442333	2L:37449369	TRUE	0.0086169153812688	1	G	T	T	"ANN=T|intron_variant|MODIFIER|AGAP006736|AGAP006736|transcript|AGAP006736-RA|protein_coding|1/2|c.615-817G>T||||||"	AGAP006736	intron_variant
2L	37442815	2L:37449369	TRUE	0.0070901379740207	1	T	C	C	"ANN=C|intron_variant|MODIFIER|AGAP006736|AGAP006736|transcript|AGAP006736-RA|protein_coding|1/2|c.615-335T>C||||||"	AGAP006736	intron_variant
2L	37447686	2L:37449369	TRUE	0.00375243959630238	-1	A	C	C	"ANN=C|downstream_gene_variant|MODIFIER|AGAP006736|AGAP006736|transcript|AGAP006736-RA|protein_coding||c.*3544A>C|||||2884|,C|intergenic_region|MODIFIER|AGAP006736-AGAP028461|AGAP006736-AGAP028461|intergenic_region|AGAP006736-AGAP028461|||n.37447686A>C||||||"	AGAP006736|AGAP028461	downstream_gene_variant,intergenic_region
2L	37455134	2L:37449369	TRUE	0.00219363338198704	-1	T	A,G	A	"Multiallelic;ANN=A|intergenic_region|MODIFIER|AGAP006736-AGAP028461|AGAP006736-AGAP028461|intergenic_region|AGAP006736-AGAP028461|||n.37455134T>A||||||,G|intergenic_region|MODIFIER|AGAP006736-AGAP028461|AGAP006736-AGAP028461|intergenic_region|AGAP006736-AGAP028461|||n.37455134T>G||||||"	AGAP006736|AGAP028461	intergenic_region,intergenic_region
2L	37455609	2L:37449369	TRUE	0.00828413152654034	1	G	A	A	"ANN=A|intergenic_region|MODIFIER|AGAP006736-AGAP028461|AGAP006736-AGAP028461|intergenic_region|AGAP006736-AGAP028461|||n.37455609G>A||||||"	AGAP006736|AGAP028461	intergenic_region
2L	37457198	2L:37449369	TRUE	0.00070776353715873	-1	T	A	A	"ANN=A|intergenic_region|MODIFIER|AGAP006736-AGAP028461|AGAP006736-AGAP028461|intergenic_region|AGAP006736-AGAP028461|||n.37457198T>A||||||"	AGAP006736|AGAP028461	intergenic_region
2L	37463892	2L:37449369	FALSE	0.00605038174754124	-1	T	A	A	"ANN=A|intergenic_region|MODIFIER|AGAP006736-AGAP028461|AGAP006736-AGAP028461|intergenic_region|AGAP006736-AGAP028461|||n.37463892T>A||||||"	AGAP006736|AGAP028461	intergenic_region
2L	37464455	2L:37449369	FALSE	0.00603121305135964	-1	A	T	T	"ANN=T|intergenic_region|MODIFIER|AGAP006736-AGAP028461|AGAP006736-AGAP028461|intergenic_region|AGAP006736-AGAP028461|||n.37464455A>T||||||"	AGAP006736|AGAP028461	intergenic_region
2L	37467518	2L:37449369	FALSE	0.00327671545180517	1	C	T	T	"ANN=T|downstream_gene_variant|MODIFIER|AGAP028461|AGAP028461|transcript|AGAP028461-RA|protein_coding||c.*9955G>A|||||2534|,T|intergenic_region|MODIFIER|AGAP006736-AGAP028461|AGAP006736-AGAP028461|intergenic_region|AGAP006736-AGAP028461|||n.37467518C>T||||||"	AGAP028461|AGAP006736	downstream_gene_variant,intergenic_region
2L	37469666	2L:37449369	FALSE	0.00746124160357873	-1	A	G	G	"ANN=G|downstream_gene_variant|MODIFIER|AGAP028461|AGAP028461|transcript|AGAP028461-RA|protein_coding||c.*7807T>C|||||386|,G|intergenic_region|MODIFIER|AGAP006736-AGAP028461|AGAP006736-AGAP028461|intergenic_region|AGAP006736-AGAP028461|||n.37469666A>G||||||"	AGAP028461|AGAP006736	downstream_gene_variant,intergenic_region
2R	24318785	2R:24337928	FALSE	0.00152332835589293	1	C	A	A	"ANN=A|intron_variant|MODIFIER|AGAP013226|AGAP013226|transcript|AGAP013226-RA|protein_coding|5/5|c.1320+100G>T||||||"	AGAP013226	intron_variant
2R	24319306	2R:24337928	FALSE	0.00308695144417618	-1	G	A	A	"ANN=A|intron_variant|MODIFIER|AGAP013226|AGAP013226|transcript|AGAP013226-RA|protein_coding|4/5|c.1101+142C>T||||||"	AGAP013226	intron_variant
2R	24319320	2R:24337928	FALSE	0.00817239148118385	-1	A	T	T	"ANN=T|intron_variant|MODIFIER|AGAP013226|AGAP013226|transcript|AGAP013226-RA|protein_coding|4/5|c.1101+128T>A||||||"	AGAP013226	intron_variant
2R	24320587	2R:24337928	FALSE	0.00108070106991188	1	C	T	T	"ANN=T|intron_variant|MODIFIER|AGAP013226|AGAP013226|transcript|AGAP013226-RA|protein_coding|1/5|c.657-493G>A||||||"	AGAP013226	intron_variant
2R	24320652	2R:24337928	FALSE	0.000490577506300775	1	T	C	C	"ANN=C|intron_variant|MODIFIER|AGAP013226|AGAP013226|transcript|AGAP013226-RA|protein_coding|1/5|c.657-558A>G||||||"	AGAP013226	intron_variant
2R	24322099	2R:24337928	FALSE	0.000739762910562679	-1	A	G	G	"ANN=G|upstream_gene_variant|MODIFIER|AGAP002626|AGAP002626|transcript|AGAP002626-RA|protein_coding||c.-4915A>G|||||4729|,G|intron_variant|MODIFIER|AGAP013226|AGAP013226|transcript|AGAP013226-RA|protein_coding|1/5|c.657-2005T>C||||||"	AGAP002626|AGAP013226	upstream_gene_variant,intron_variant
2R	24330685	2R:24337928	TRUE	0.00605038174754144	-1	C	T	T	"ANN=T|upstream_gene_variant|MODIFIER|AGAP013226|AGAP013226|transcript|AGAP013226-RA|protein_coding||c.-5863G>A|||||4503|,T|upstream_gene_variant|MODIFIER|AGAP002627|AGAP002627|transcript|AGAP002627-RA|protein_coding||c.-1253G>A|||||1073|,T|downstream_gene_variant|MODIFIER|AGAP002626|AGAP002626|transcript|AGAP002626-RA|protein_coding||c.*2297C>T|||||2220|,T|intergenic_region|MODIFIER|AGAP002627-AGAP002628|AGAP002627-AGAP002628|intergenic_region|AGAP002627-AGAP002628|||n.24330685C>T||||||"	AGAP013226|AGAP002627|AGAP002626|AGAP002628	upstream_gene_variant,upstream_gene_variant,downstream_gene_variant,intergenic_region
2R	24330693	2R:24337928	TRUE	0.00605038174754144	-1	C	A	A	"ANN=A|upstream_gene_variant|MODIFIER|AGAP013226|AGAP013226|transcript|AGAP013226-RA|protein_coding||c.-5871G>T|||||4511|,A|upstream_gene_variant|MODIFIER|AGAP002627|AGAP002627|transcript|AGAP002627-RA|protein_coding||c.-1261G>T|||||1081|,A|downstream_gene_variant|MODIFIER|AGAP002626|AGAP002626|transcript|AGAP002626-RA|protein_coding||c.*2305C>A|||||2228|,A|intergenic_region|MODIFIER|AGAP002627-AGAP002628|AGAP002627-AGAP002628|intergenic_region|AGAP002627-AGAP002628|||n.24330693C>A||||||"	AGAP013226|AGAP002627|AGAP002626|AGAP002628	upstream_gene_variant,upstream_gene_variant,downstream_gene_variant,intergenic_region
2R	24330696	2R:24337928	TRUE	0.00605038174754144	-1	C	G	G	"ANN=G|upstream_gene_variant|MODIFIER|AGAP013226|AGAP013226|transcript|AGAP013226-RA|protein_coding||c.-5874G>C|||||4514|,G|upstream_gene_variant|MODIFIER|AGAP002627|AGAP002627|transcript|AGAP002627-RA|protein_coding||c.-1264G>C|||||1084|,G|downstream_gene_variant|MODIFIER|AGAP002626|AGAP002626|transcript|AGAP002626-RA|protein_coding||c.*2308C>G|||||2231|,G|intergenic_region|MODIFIER|AGAP002627-AGAP002628|AGAP002627-AGAP002628|intergenic_region|AGAP002627-AGAP002628|||n.24330696C>G||||||"	AGAP013226|AGAP002627|AGAP002626|AGAP002628	upstream_gene_variant,upstream_gene_variant,downstream_gene_variant,intergenic_region
2R	28503000	2R:28530304	FALSE	0.00458639387733783	1	A	G	G	"ANN=G|upstream_gene_variant|MODIFIER|CYP6P4|AGAP002867|transcript|AGAP002867-RA|protein_coding||c.-4326T>C|||||4326|,G|upstream_gene_variant|MODIFIER|CYP6P1|AGAP002868|transcript|AGAP002868-RA|protein_coding||c.-2141T>C|||||2100|,G|upstream_gene_variant|MODIFIER|CYP6P2|AGAP002869|transcript|AGAP002869-RA|protein_coding||c.-106T>C|||||90|,G|downstream_gene_variant|MODIFIER|CYP6AD1|AGAP002870|transcript|AGAP002870-RA|protein_coding||c.*1248T>C|||||1248|,G|intron_variant|MODIFIER|AGAP002859|AGAP002859|transcript|AGAP002859-RA|protein_coding|4/8|c.1972-3472A>G||||||"	AGAP002867|AGAP002868|AGAP002869|AGAP002870|AGAP002859	upstream_gene_variant,upstream_gene_variant,upstream_gene_variant,downstream_gene_variant,intron_variant
2R	28520977	2R:28530304	TRUE	0.00603121305135975	-1	T	A	A	"ANN=A|upstream_gene_variant|MODIFIER|AGAP013202|AGAP013202|transcript|AGAP013202-RA|protein_coding||c.-1688A>T|||||1578|,A|upstream_gene_variant|MODIFIER|AGAP000586|AGAP000586|transcript|AGAP000586-RA|protein_coding||c.-1622T>A|||||1121|,A|downstream_gene_variant|MODIFIER|AGAP002859|AGAP002859|transcript|AGAP002859-RA|protein_coding||c.*9853T>A|||||4949|,A|intergenic_region|MODIFIER|AGAP013202-AGAP000586|AGAP013202-AGAP000586|intergenic_region|AGAP013202-AGAP000586|||n.28520977T>A||||||"	AGAP013202|AGAP000586|AGAP002859	upstream_gene_variant,upstream_gene_variant,downstream_gene_variant,intergenic_region
2R	30420910	2R:30434190	FALSE	0.00498102748131811	1	A	C,G	C	"Multiallelic;ANN=C|intergenic_region|MODIFIER|AGAP002973-alpha1|AGAP002973-AGAP002974|intergenic_region|AGAP002973-AGAP002974|||n.30420910A>C||||||,G|intergenic_region|MODIFIER|AGAP002973-alpha1|AGAP002973-AGAP002974|intergenic_region|AGAP002973-AGAP002974|||n.30420910A>G||||||"	AGAP002973|AGAP002974	intergenic_region,intergenic_region
2R	30427237	2R:30434190	TRUE	0.00605038174754124	-1	G	A	A	"ANN=A|intergenic_region|MODIFIER|AGAP002973-alpha1|AGAP002973-AGAP002974|intergenic_region|AGAP002973-AGAP002974|||n.30427237G>A||||||"	AGAP002973|AGAP002974	intergenic_region
2R	30440923	2R:30434190	TRUE	0.000663072787942854	1	C	T	T	"ANN=T|intergenic_region|MODIFIER|AGAP002973-alpha1|AGAP002973-AGAP002974|intergenic_region|AGAP002973-AGAP002974|||n.30440923C>T||||||"	AGAP002973|AGAP002974	intergenic_region
2R	30440936	2R:30434190	TRUE	0.00313018289511221	1	C	A	A	"ANN=A|intergenic_region|MODIFIER|AGAP002973-alpha1|AGAP002973-AGAP002974|intergenic_region|AGAP002973-AGAP002974|||n.30440936C>A||||||"	AGAP002973|AGAP002974	intergenic_region
2R	30445020	2R:30434190	FALSE	0.00833943168042226	1	G	A	A	"ANN=A|intergenic_region|MODIFIER|AGAP002973-alpha1|AGAP002973-AGAP002974|intergenic_region|AGAP002973-AGAP002974|||n.30445020G>A||||||"	AGAP002973|AGAP002974	intergenic_region
2R	30445282	2R:30434190	FALSE	0.0038507958412139	-1	C	A	A	"ANN=A|intergenic_region|MODIFIER|AGAP002973-alpha1|AGAP002973-AGAP002974|intergenic_region|AGAP002973-AGAP002974|||n.30445282C>A||||||"	AGAP002973|AGAP002974	intergenic_region
2R	30446494	2R:30434190	FALSE	0.00458639387733775	1	G	A	A	"ANN=A|intergenic_region|MODIFIER|AGAP002973-alpha1|AGAP002973-AGAP002974|intergenic_region|AGAP002973-AGAP002974|||n.30446494G>A||||||"	AGAP002973|AGAP002974	intergenic_region
2R	30446559	2R:30434190	FALSE	0.00493428130265	1	C	T	T	"ANN=T|intergenic_region|MODIFIER|AGAP002973-alpha1|AGAP002973-AGAP002974|intergenic_region|AGAP002973-AGAP002974|||n.30446559C>T||||||"	AGAP002973|AGAP002974	intergenic_region
2R	30451753	2R:30434190	FALSE	0.00605038174754124	-1	G	T	T	"ANN=T|intergenic_region|MODIFIER|AGAP002973-alpha1|AGAP002973-AGAP002974|intergenic_region|AGAP002973-AGAP002974|||n.30451753G>T||||||"	AGAP002973|AGAP002974	intergenic_region
2R	30818907	2R:30837178	FALSE	0.00458639387733783	1	C	T	T	"ANN=T|intergenic_region|MODIFIER|AGAP013119-AGAP029576|AGAP013119-AGAP029576|intergenic_region|AGAP013119-AGAP029576|||n.30818907C>T||||||"	AGAP013119|AGAP029576	intergenic_region
2R	30822412	2R:30837178	FALSE	0.00458639482314892	1	G	A	A	"ANN=A|upstream_gene_variant|MODIFIER|AGAP029576|AGAP029576|transcript|AGAP029576-RA|protein_coding||c.-3008G>A|||||2943|,A|intergenic_region|MODIFIER|AGAP013119-AGAP029576|AGAP013119-AGAP029576|intergenic_region|AGAP013119-AGAP029576|||n.30822412G>A||||||"	AGAP029576|AGAP013119	upstream_gene_variant,intergenic_region
2R	30823864	2R:30837178	FALSE	0.00184870407372327	-1	G	C	C	"ANN=C|upstream_gene_variant|MODIFIER|AGAP029576|AGAP029576|transcript|AGAP029576-RA|protein_coding||c.-1556G>C|||||1491|,C|intergenic_region|MODIFIER|AGAP013119-AGAP029576|AGAP013119-AGAP029576|intergenic_region|AGAP013119-AGAP029576|||n.30823864G>C||||||"	AGAP029576|AGAP013119	upstream_gene_variant,intergenic_region
2R	30837057	2R:30837178	TRUE	0.00490677791749437	-1	T	A	A	"ANN=A|intron_variant|MODIFIER|AGAP029576|AGAP029576|transcript|AGAP029576-RA|protein_coding|3/15|c.443-2728T>A||||||"	AGAP029576	intron_variant
2R	30837114	2R:30837178	TRUE	0.00123193055841229	-1	G	A	A	"ANN=A|intron_variant|MODIFIER|AGAP029576|AGAP029576|transcript|AGAP029576-RA|protein_coding|3/15|c.443-2671G>A||||||"	AGAP029576	intron_variant
2R	30838475	2R:30837178	TRUE	0.00605038174754124	-1	C	A	A	"ANN=A|intron_variant|MODIFIER|AGAP029576|AGAP029576|transcript|AGAP029576-RA|protein_coding|3/15|c.443-1310C>A||||||"	AGAP029576	intron_variant
2R	30843235	2R:30837178	TRUE	0.00111041668041064	1	G	A	A	"ANN=A|intron_variant|MODIFIER|AGAP029576|AGAP029576|transcript|AGAP029576-RA|protein_coding|4/15|c.582+3311G>A||||||"	AGAP029576	intron_variant
2R	30843250	2R:30837178	TRUE	0.00167006126887703	1	A	C	C	"ANN=C|intron_variant|MODIFIER|AGAP029576|AGAP029576|transcript|AGAP029576-RA|protein_coding|4/15|c.582+3326A>C||||||"	AGAP029576	intron_variant
2R	30843266	2R:30837178	TRUE	0.00228427731392158	-1	C	A	A	"ANN=A|intron_variant|MODIFIER|AGAP029576|AGAP029576|transcript|AGAP029576-RA|protein_coding|4/15|c.582+3342C>A||||||"	AGAP029576	intron_variant
2R	30843450	2R:30837178	TRUE	0.00336215206491793	1	G	A	A	"ANN=A|intron_variant|MODIFIER|AGAP029576|AGAP029576|transcript|AGAP029576-RA|protein_coding|4/15|c.582+3526G>A||||||"	AGAP029576	intron_variant
2R	30843465	2R:30837178	TRUE	0.00410616535615569	1	A	T	T	"ANN=T|intron_variant|MODIFIER|AGAP029576|AGAP029576|transcript|AGAP029576-RA|protein_coding|4/15|c.582+3541A>T||||||"	AGAP029576	intron_variant
2R	30857356	2R:30837178	FALSE	0.00603019994223148	-1	G	A	A	"ANN=A|intron_variant|MODIFIER|AGAP029576|AGAP029576|transcript|AGAP029576-RA|protein_coding|5/15|c.773-345G>A||||||"	AGAP029576	intron_variant
2R	30861423	2R:30837178	FALSE	0.00799790722769332	-1	C	G	G	"ANN=G|intron_variant|MODIFIER|AGAP029576|AGAP029576|transcript|AGAP029576-RA|protein_coding|13/15|c.2966+421C>G||||||"	AGAP029576	intron_variant
2R	30903937	2R:30909788	TRUE	0.00953433705039822	1	T	A	A	"ANN=A|intergenic_region|MODIFIER|AGAP003000-AGAP012949|AGAP003000-AGAP012949|intergenic_region|AGAP003000-AGAP012949|||n.30903937T>A||||||"	AGAP003000|AGAP012949	intergenic_region
2R	30909329	2R:30909788	TRUE	0.000228981390023101	1	T	G	G	"ANN=G|intergenic_region|MODIFIER|AGAP003000-AGAP012949|AGAP003000-AGAP012949|intergenic_region|AGAP003000-AGAP012949|||n.30909329T>G||||||"	AGAP003000|AGAP012949	intergenic_region
2R	30909336	2R:30909788	TRUE	0.00403219203278423	1	G	A	A	"ANN=A|intergenic_region|MODIFIER|AGAP003000-AGAP012949|AGAP003000-AGAP012949|intergenic_region|AGAP003000-AGAP012949|||n.30909336G>A||||||"	AGAP003000|AGAP012949	intergenic_region
2R	30909338	2R:30909788	TRUE	0.00403219203278423	1	G	A	A	"ANN=A|intergenic_region|MODIFIER|AGAP003000-AGAP012949|AGAP003000-AGAP012949|intergenic_region|AGAP003000-AGAP012949|||n.30909338G>A||||||"	AGAP003000|AGAP012949	intergenic_region
2R	30910107	2R:30909788	TRUE	0.00286963465429002	1	G	A	A	"ANN=A|intergenic_region|MODIFIER|AGAP003000-AGAP012949|AGAP003000-AGAP012949|intergenic_region|AGAP003000-AGAP012949|||n.30910107G>A||||||"	AGAP003000|AGAP012949	intergenic_region
2R	30911547	2R:30909788	TRUE	0.00391545135773763	-1	A	T	T	"ANN=T|upstream_gene_variant|MODIFIER|AGAP012949|AGAP012949|transcript|AGAP012949-RA|protein_coding||c.-4525A>T|||||4525|,T|intergenic_region|MODIFIER|AGAP003000-AGAP012949|AGAP003000-AGAP012949|intergenic_region|AGAP003000-AGAP012949|||n.30911547A>T||||||"	AGAP012949|AGAP003000	upstream_gene_variant,intergenic_region
2R	30911552	2R:30909788	TRUE	0.00391545135773763	-1	T	C	C	"ANN=C|upstream_gene_variant|MODIFIER|AGAP012949|AGAP012949|transcript|AGAP012949-RA|protein_coding||c.-4520T>C|||||4520|,C|intergenic_region|MODIFIER|AGAP003000-AGAP012949|AGAP003000-AGAP012949|intergenic_region|AGAP003000-AGAP012949|||n.30911552T>C||||||"	AGAP012949|AGAP003000	upstream_gene_variant,intergenic_region
2R	30911579	2R:30909788	TRUE	0.00391545135773763	-1	G	A	A	"ANN=A|upstream_gene_variant|MODIFIER|AGAP012949|AGAP012949|transcript|AGAP012949-RA|protein_coding||c.-4493G>A|||||4493|,A|intergenic_region|MODIFIER|AGAP003000-AGAP012949|AGAP003000-AGAP012949|intergenic_region|AGAP003000-AGAP012949|||n.30911579G>A||||||"	AGAP012949|AGAP003000	upstream_gene_variant,intergenic_region
2R	30911602	2R:30909788	TRUE	0.00401482215223706	-1	C	A,T	A	"Multiallelic;ANN=A|upstream_gene_variant|MODIFIER|AGAP012949|AGAP012949|transcript|AGAP012949-RA|protein_coding||c.-4470C>A|||||4470|,T|upstream_gene_variant|MODIFIER|AGAP012949|AGAP012949|transcript|AGAP012949-RA|protein_coding||c.-4470C>T|||||4470|,A|intergenic_region|MODIFIER|AGAP003000-AGAP012949|AGAP003000-AGAP012949|intergenic_region|AGAP003000-AGAP012949|||n.30911602C>A||||||,T|intergenic_region|MODIFIER|AGAP003000-AGAP012949|AGAP003000-AGAP012949|intergenic_region|AGAP003000-AGAP012949|||n.30911602C>T||||||"	AGAP012949|AGAP003000	upstream_gene_variant,upstream_gene_variant,intergenic_region,intergenic_region
2R	30911632	2R:30909788	TRUE	0.00391545135773763	-1	T	G	G	"ANN=G|upstream_gene_variant|MODIFIER|AGAP012949|AGAP012949|transcript|AGAP012949-RA|protein_coding||c.-4440T>G|||||4440|,G|intergenic_region|MODIFIER|AGAP003000-AGAP012949|AGAP003000-AGAP012949|intergenic_region|AGAP003000-AGAP012949|||n.30911632T>G||||||"	AGAP012949|AGAP003000	upstream_gene_variant,intergenic_region
2R	30914760	2R:30909788	TRUE	0.00458639387733775	1	G	A	A	"ANN=A|upstream_gene_variant|MODIFIER|AGAP012949|AGAP012949|transcript|AGAP012949-RA|protein_coding||c.-1312G>A|||||1312|,A|intergenic_region|MODIFIER|AGAP003000-AGAP012949|AGAP003000-AGAP012949|intergenic_region|AGAP003000-AGAP012949|||n.30914760G>A||||||"	AGAP012949|AGAP003000	upstream_gene_variant,intergenic_region
2R	30916635	2R:30909788	TRUE	0.00493428130265	1	G	A	A	"ANN=A|synonymous_variant|LOW|AGAP012949|AGAP012949|transcript|AGAP012949-RA|protein_coding|1/2|c.564G>A|p.Lys188Lys|564/1089|564/1089|188/362||"	AGAP012949	synonymous_variant
2R	30916671	2R:30909788	TRUE	0.00493428130265	1	C	T	T	"ANN=T|synonymous_variant|LOW|AGAP012949|AGAP012949|transcript|AGAP012949-RA|protein_coding|1/2|c.600C>T|p.Ala200Ala|600/1089|600/1089|200/362||"	AGAP012949	synonymous_variant
2R	30916950	2R:30909788	TRUE	0.000746300067826404	1	G	A	A	"ANN=A|synonymous_variant|LOW|AGAP012949|AGAP012949|transcript|AGAP012949-RA|protein_coding|1/2|c.879G>A|p.Ala293Ala|879/1089|879/1089|293/362||"	AGAP012949	synonymous_variant
2R	30925187	2R:30909788	FALSE	0.00199369198775966	-1	T	C	C	"ANN=C|intergenic_region|MODIFIER|AGAP012949-AGAP003001|AGAP012949-AGAP003001|intergenic_region|AGAP012949-AGAP003001|||n.30925187T>C||||||"	AGAP012949|AGAP003001	intergenic_region
2R	30909329	2R:30925868	FALSE	0.000228981390023101	1	T	G	G	"ANN=G|intergenic_region|MODIFIER|AGAP003000-AGAP012949|AGAP003000-AGAP012949|intergenic_region|AGAP003000-AGAP012949|||n.30909329T>G||||||"	AGAP003000|AGAP012949	intergenic_region
2R	30909336	2R:30925868	FALSE	0.00403219203278423	1	G	A	A	"ANN=A|intergenic_region|MODIFIER|AGAP003000-AGAP012949|AGAP003000-AGAP012949|intergenic_region|AGAP003000-AGAP012949|||n.30909336G>A||||||"	AGAP003000|AGAP012949	intergenic_region
2R	30909338	2R:30925868	FALSE	0.00403219203278423	1	G	A	A	"ANN=A|intergenic_region|MODIFIER|AGAP003000-AGAP012949|AGAP003000-AGAP012949|intergenic_region|AGAP003000-AGAP012949|||n.30909338G>A||||||"	AGAP003000|AGAP012949	intergenic_region
2R	30910107	2R:30925868	FALSE	0.00286963465429002	1	G	A	A	"ANN=A|intergenic_region|MODIFIER|AGAP003000-AGAP012949|AGAP003000-AGAP012949|intergenic_region|AGAP003000-AGAP012949|||n.30910107G>A||||||"	AGAP003000|AGAP012949	intergenic_region
2R	30911547	2R:30925868	FALSE	0.00391545135773763	-1	A	T	T	"ANN=T|upstream_gene_variant|MODIFIER|AGAP012949|AGAP012949|transcript|AGAP012949-RA|protein_coding||c.-4525A>T|||||4525|,T|intergenic_region|MODIFIER|AGAP003000-AGAP012949|AGAP003000-AGAP012949|intergenic_region|AGAP003000-AGAP012949|||n.30911547A>T||||||"	AGAP012949|AGAP003000	upstream_gene_variant,intergenic_region
2R	30911552	2R:30925868	FALSE	0.00391545135773763	-1	T	C	C	"ANN=C|upstream_gene_variant|MODIFIER|AGAP012949|AGAP012949|transcript|AGAP012949-RA|protein_coding||c.-4520T>C|||||4520|,C|intergenic_region|MODIFIER|AGAP003000-AGAP012949|AGAP003000-AGAP012949|intergenic_region|AGAP003000-AGAP012949|||n.30911552T>C||||||"	AGAP012949|AGAP003000	upstream_gene_variant,intergenic_region
2R	30911579	2R:30925868	FALSE	0.00391545135773763	-1	G	A	A	"ANN=A|upstream_gene_variant|MODIFIER|AGAP012949|AGAP012949|transcript|AGAP012949-RA|protein_coding||c.-4493G>A|||||4493|,A|intergenic_region|MODIFIER|AGAP003000-AGAP012949|AGAP003000-AGAP012949|intergenic_region|AGAP003000-AGAP012949|||n.30911579G>A||||||"	AGAP012949|AGAP003000	upstream_gene_variant,intergenic_region
2R	30911602	2R:30925868	FALSE	0.00401482215223706	-1	C	A,T	A	"Multiallelic;ANN=A|upstream_gene_variant|MODIFIER|AGAP012949|AGAP012949|transcript|AGAP012949-RA|protein_coding||c.-4470C>A|||||4470|,T|upstream_gene_variant|MODIFIER|AGAP012949|AGAP012949|transcript|AGAP012949-RA|protein_coding||c.-4470C>T|||||4470|,A|intergenic_region|MODIFIER|AGAP003000-AGAP012949|AGAP003000-AGAP012949|intergenic_region|AGAP003000-AGAP012949|||n.30911602C>A||||||,T|intergenic_region|MODIFIER|AGAP003000-AGAP012949|AGAP003000-AGAP012949|intergenic_region|AGAP003000-AGAP012949|||n.30911602C>T||||||"	AGAP012949|AGAP003000	upstream_gene_variant,upstream_gene_variant,intergenic_region,intergenic_region
2R	30911632	2R:30925868	FALSE	0.00391545135773763	-1	T	G	G	"ANN=G|upstream_gene_variant|MODIFIER|AGAP012949|AGAP012949|transcript|AGAP012949-RA|protein_coding||c.-4440T>G|||||4440|,G|intergenic_region|MODIFIER|AGAP003000-AGAP012949|AGAP003000-AGAP012949|intergenic_region|AGAP003000-AGAP012949|||n.30911632T>G||||||"	AGAP012949|AGAP003000	upstream_gene_variant,intergenic_region
2R	30914760	2R:30925868	FALSE	0.00458639387733775	1	G	A	A	"ANN=A|upstream_gene_variant|MODIFIER|AGAP012949|AGAP012949|transcript|AGAP012949-RA|protein_coding||c.-1312G>A|||||1312|,A|intergenic_region|MODIFIER|AGAP003000-AGAP012949|AGAP003000-AGAP012949|intergenic_region|AGAP003000-AGAP012949|||n.30914760G>A||||||"	AGAP012949|AGAP003000	upstream_gene_variant,intergenic_region
2R	30916635	2R:30925868	FALSE	0.00493428130265	1	G	A	A	"ANN=A|synonymous_variant|LOW|AGAP012949|AGAP012949|transcript|AGAP012949-RA|protein_coding|1/2|c.564G>A|p.Lys188Lys|564/1089|564/1089|188/362||"	AGAP012949	synonymous_variant
2R	30916671	2R:30925868	FALSE	0.00493428130265	1	C	T	T	"ANN=T|synonymous_variant|LOW|AGAP012949|AGAP012949|transcript|AGAP012949-RA|protein_coding|1/2|c.600C>T|p.Ala200Ala|600/1089|600/1089|200/362||"	AGAP012949	synonymous_variant
2R	30916950	2R:30925868	FALSE	0.000746300067826404	1	G	A	A	"ANN=A|synonymous_variant|LOW|AGAP012949|AGAP012949|transcript|AGAP012949-RA|protein_coding|1/2|c.879G>A|p.Ala293Ala|879/1089|879/1089|293/362||"	AGAP012949	synonymous_variant
2R	30925187	2R:30925868	TRUE	0.00199369198775966	-1	T	C	C	"ANN=C|intergenic_region|MODIFIER|AGAP012949-AGAP003001|AGAP012949-AGAP003001|intergenic_region|AGAP012949-AGAP003001|||n.30925187T>C||||||"	AGAP012949|AGAP003001	intergenic_region
2R	30935612	2R:30925868	FALSE	0.00225171909092646	1	C	T	T	"ANN=T|intergenic_region|MODIFIER|AGAP012949-AGAP003001|AGAP012949-AGAP003001|intergenic_region|AGAP012949-AGAP003001|||n.30935612C>T||||||"	AGAP012949|AGAP003001	intergenic_region
2R	30951383	2R:30973484	FALSE	0.00605038174754144	-1	A	G	G	"ANN=G|upstream_gene_variant|MODIFIER|AGAP013545|AGAP013545|transcript|AGAP013545-RA|protein_coding||c.-4459A>G|||||4459|WARNING_TRANSCRIPT_NO_START_CODON,G|downstream_gene_variant|MODIFIER|AGAP003001|AGAP003001|transcript|AGAP003001-RA|protein_coding||c.*3651T>C|||||3459|,G|intergenic_region|MODIFIER|AGAP012949-AGAP003001|AGAP012949-AGAP003001|intergenic_region|AGAP012949-AGAP003001|||n.30951383A>G||||||"	AGAP013545|AGAP003001|AGAP012949	upstream_gene_variant,downstream_gene_variant,intergenic_region
2R	30951455	2R:30973484	FALSE	0.00295744140281964	-1	G	A	A	"ANN=A|upstream_gene_variant|MODIFIER|AGAP013545|AGAP013545|transcript|AGAP013545-RA|protein_coding||c.-4387G>A|||||4387|WARNING_TRANSCRIPT_NO_START_CODON,A|downstream_gene_variant|MODIFIER|AGAP003001|AGAP003001|transcript|AGAP003001-RA|protein_coding||c.*3579C>T|||||3387|,A|intergenic_region|MODIFIER|AGAP012949-AGAP003001|AGAP012949-AGAP003001|intergenic_region|AGAP012949-AGAP003001|||n.30951455G>A||||||"	AGAP013545|AGAP003001|AGAP012949	upstream_gene_variant,downstream_gene_variant,intergenic_region
2R	30951935	2R:30973484	FALSE	0.00605038174754144	-1	G	T	T	"ANN=T|upstream_gene_variant|MODIFIER|AGAP013545|AGAP013545|transcript|AGAP013545-RA|protein_coding||c.-3907G>T|||||3907|WARNING_TRANSCRIPT_NO_START_CODON,T|downstream_gene_variant|MODIFIER|AGAP003001|AGAP003001|transcript|AGAP003001-RA|protein_coding||c.*3099C>A|||||2907|,T|intergenic_region|MODIFIER|AGAP012949-AGAP003001|AGAP012949-AGAP003001|intergenic_region|AGAP012949-AGAP003001|||n.30951935G>T||||||"	AGAP013545|AGAP003001|AGAP012949	upstream_gene_variant,downstream_gene_variant,intergenic_region
2R	30952030	2R:30973484	FALSE	0.00605038174754144	-1	G	T	T	"ANN=T|upstream_gene_variant|MODIFIER|AGAP013545|AGAP013545|transcript|AGAP013545-RA|protein_coding||c.-3812G>T|||||3812|WARNING_TRANSCRIPT_NO_START_CODON,T|downstream_gene_variant|MODIFIER|AGAP003001|AGAP003001|transcript|AGAP003001-RA|protein_coding||c.*3004C>A|||||2812|,T|intergenic_region|MODIFIER|AGAP012949-AGAP003001|AGAP012949-AGAP003001|intergenic_region|AGAP012949-AGAP003001|||n.30952030G>T||||||"	AGAP013545|AGAP003001|AGAP012949	upstream_gene_variant,downstream_gene_variant,intergenic_region
2R	30953249	2R:30973484	FALSE	0.00295744140281964	-1	C	T	T	"ANN=T|upstream_gene_variant|MODIFIER|AGAP013545|AGAP013545|transcript|AGAP013545-RA|protein_coding||c.-2593C>T|||||2593|WARNING_TRANSCRIPT_NO_START_CODON,T|downstream_gene_variant|MODIFIER|AGAP003001|AGAP003001|transcript|AGAP003001-RA|protein_coding||c.*1785G>A|||||1593|,T|intergenic_region|MODIFIER|AGAP012949-AGAP003001|AGAP012949-AGAP003001|intergenic_region|AGAP012949-AGAP003001|||n.30953249C>T||||||"	AGAP013545|AGAP003001|AGAP012949	upstream_gene_variant,downstream_gene_variant,intergenic_region
2R	30953425	2R:30973484	FALSE	0.00295744140281964	-1	C	T	T	"ANN=T|upstream_gene_variant|MODIFIER|AGAP013545|AGAP013545|transcript|AGAP013545-RA|protein_coding||c.-2417C>T|||||2417|WARNING_TRANSCRIPT_NO_START_CODON,T|downstream_gene_variant|MODIFIER|AGAP003001|AGAP003001|transcript|AGAP003001-RA|protein_coding||c.*1609G>A|||||1417|,T|intergenic_region|MODIFIER|AGAP012949-AGAP003001|AGAP012949-AGAP003001|intergenic_region|AGAP012949-AGAP003001|||n.30953425C>T||||||"	AGAP013545|AGAP003001|AGAP012949	upstream_gene_variant,downstream_gene_variant,intergenic_region
2R	30953445	2R:30973484	FALSE	0.00295744140281964	-1	C	G	G	"ANN=G|upstream_gene_variant|MODIFIER|AGAP013545|AGAP013545|transcript|AGAP013545-RA|protein_coding||c.-2397C>G|||||2397|WARNING_TRANSCRIPT_NO_START_CODON,G|downstream_gene_variant|MODIFIER|AGAP003001|AGAP003001|transcript|AGAP003001-RA|protein_coding||c.*1589G>C|||||1397|,G|intergenic_region|MODIFIER|AGAP012949-AGAP003001|AGAP012949-AGAP003001|intergenic_region|AGAP012949-AGAP003001|||n.30953445C>G||||||"	AGAP013545|AGAP003001|AGAP012949	upstream_gene_variant,downstream_gene_variant,intergenic_region
2R	30954072	2R:30973484	FALSE	0.00458639482314892	1	C	A,T	T	"Multiallelic;ANN=A|upstream_gene_variant|MODIFIER|AGAP013545|AGAP013545|transcript|AGAP013545-RA|protein_coding||c.-1770C>A|||||1770|WARNING_TRANSCRIPT_NO_START_CODON,T|upstream_gene_variant|MODIFIER|AGAP013545|AGAP013545|transcript|AGAP013545-RA|protein_coding||c.-1770C>T|||||1770|WARNING_TRANSCRIPT_NO_START_CODON,A|downstream_gene_variant|MODIFIER|AGAP003001|AGAP003001|transcript|AGAP003001-RA|protein_coding||c.*962G>T|||||770|,T|downstream_gene_variant|MODIFIER|AGAP003001|AGAP003001|transcript|AGAP003001-RA|protein_coding||c.*962G>A|||||770|,A|intergenic_region|MODIFIER|AGAP012949-AGAP003001|AGAP012949-AGAP003001|intergenic_region|AGAP012949-AGAP003001|||n.30954072C>A||||||,T|intergenic_region|MODIFIER|AGAP012949-AGAP003001|AGAP012949-AGAP003001|intergenic_region|AGAP012949-AGAP003001|||n.30954072C>T||||||"	AGAP013545|AGAP003001|AGAP012949	upstream_gene_variant,upstream_gene_variant,downstream_gene_variant,downstream_gene_variant,intergenic_region,intergenic_region
2R	30954389	2R:30973484	FALSE	0.00144722783325918	-1	C	T	T	"ANN=T|upstream_gene_variant|MODIFIER|AGAP013545|AGAP013545|transcript|AGAP013545-RA|protein_coding||c.-1453C>T|||||1453|WARNING_TRANSCRIPT_NO_START_CODON,T|downstream_gene_variant|MODIFIER|AGAP003001|AGAP003001|transcript|AGAP003001-RA|protein_coding||c.*645G>A|||||453|,T|intergenic_region|MODIFIER|AGAP012949-AGAP003001|AGAP012949-AGAP003001|intergenic_region|AGAP012949-AGAP003001|||n.30954389C>T||||||"	AGAP013545|AGAP003001|AGAP012949	upstream_gene_variant,downstream_gene_variant,intergenic_region
2R	30955051	2R:30973484	FALSE	0.00144722783325918	-1	G	A	A	"ANN=A|synonymous_variant|LOW|AGAP003001|AGAP003001|transcript|AGAP003001-RA|protein_coding|3/3|c.2950C>T|p.Leu984Leu|2950/3159|2950/2967|984/988||,A|upstream_gene_variant|MODIFIER|AGAP013545|AGAP013545|transcript|AGAP013545-RA|protein_coding||c.-791G>A|||||791|WARNING_TRANSCRIPT_NO_START_CODON"	AGAP003001|AGAP013545	synonymous_variant,upstream_gene_variant
2R	30955729	2R:30973484	FALSE	0.00295744140281964	-1	T	A	A	"ANN=A|upstream_gene_variant|MODIFIER|AGAP013545|AGAP013545|transcript|AGAP013545-RA|protein_coding||c.-113T>A|||||113|WARNING_TRANSCRIPT_NO_START_CODON,A|intron_variant|MODIFIER|AGAP003001|AGAP003001|transcript|AGAP003001-RA|protein_coding|2/2|c.2594-322A>T||||||"	AGAP013545|AGAP003001	upstream_gene_variant,intron_variant
2R	30955748	2R:30973484	FALSE	0.00295744140281964	-1	A	C	C	"ANN=C|upstream_gene_variant|MODIFIER|AGAP013545|AGAP013545|transcript|AGAP013545-RA|protein_coding||c.-94A>C|||||94|WARNING_TRANSCRIPT_NO_START_CODON,C|intron_variant|MODIFIER|AGAP003001|AGAP003001|transcript|AGAP003001-RA|protein_coding|2/2|c.2594-341T>G||||||"	AGAP013545|AGAP003001	upstream_gene_variant,intron_variant
2R	30956674	2R:30973484	FALSE	0.00605038174754124	-1	T	A	A	"ANN=A|intron_variant|MODIFIER|AGAP003001|AGAP003001|transcript|AGAP003001-RA|protein_coding|2/2|c.2594-1267A>T||||||,A|intron_variant|MODIFIER|AGAP013545|AGAP013545|transcript|AGAP013545-RA|protein_coding|1/2|c.254+579T>A||||||WARNING_TRANSCRIPT_NO_START_CODON"	AGAP003001|AGAP013545	intron_variant,intron_variant
2R	30957507	2R:30973484	FALSE	0.00184870407372327	1	G	A	A	"ANN=A|intron_variant|MODIFIER|AGAP003001|AGAP003001|transcript|AGAP003001-RA|protein_coding|2/2|c.2594-2100C>T||||||,A|intron_variant|MODIFIER|AGAP013545|AGAP013545|transcript|AGAP013545-RA|protein_coding|1/2|c.254+1412G>A||||||WARNING_TRANSCRIPT_NO_START_CODON"	AGAP003001|AGAP013545	intron_variant,intron_variant
2R	30958184	2R:30973484	FALSE	0.0030777526469121	1	A	T	T	"ANN=T|downstream_gene_variant|MODIFIER|AGAP013105|AGAP013105|transcript|AGAP013105-RA|protein_coding||c.*4769T>A|||||4769|,T|intron_variant|MODIFIER|AGAP003001|AGAP003001|transcript|AGAP003001-RA|protein_coding|2/2|c.2594-2777T>A||||||,T|intron_variant|MODIFIER|AGAP013545|AGAP013545|transcript|AGAP013545-RA|protein_coding|1/2|c.254+2089A>T||||||WARNING_TRANSCRIPT_NO_START_CODON"	AGAP013105|AGAP003001|AGAP013545	downstream_gene_variant,intron_variant,intron_variant
2R	30961232	2R:30973484	TRUE	0.00605038174754133	1	T	G	G	"ANN=G|downstream_gene_variant|MODIFIER|AGAP013105|AGAP013105|transcript|AGAP013105-RA|protein_coding||c.*1721A>C|||||1721|,G|intron_variant|MODIFIER|AGAP003001|AGAP003001|transcript|AGAP003001-RA|protein_coding|2/2|c.2594-5825A>C||||||,G|intron_variant|MODIFIER|AGAP013545|AGAP013545|transcript|AGAP013545-RA|protein_coding|1/2|c.255-4979T>G||||||WARNING_TRANSCRIPT_NO_START_CODON"	AGAP013105|AGAP003001|AGAP013545	downstream_gene_variant,intron_variant,intron_variant
2R	30961233	2R:30973484	TRUE	0.00605038174754124	-1	C	G	G	"ANN=G|downstream_gene_variant|MODIFIER|AGAP013105|AGAP013105|transcript|AGAP013105-RA|protein_coding||c.*1720G>C|||||1720|,G|intron_variant|MODIFIER|AGAP003001|AGAP003001|transcript|AGAP003001-RA|protein_coding|2/2|c.2594-5826G>C||||||,G|intron_variant|MODIFIER|AGAP013545|AGAP013545|transcript|AGAP013545-RA|protein_coding|1/2|c.255-4978C>G||||||WARNING_TRANSCRIPT_NO_START_CODON"	AGAP013105|AGAP003001|AGAP013545	downstream_gene_variant,intron_variant,intron_variant
2R	30961301	2R:30973484	TRUE	0.00605038174754124	-1	C	G	G	"ANN=G|downstream_gene_variant|MODIFIER|AGAP013105|AGAP013105|transcript|AGAP013105-RA|protein_coding||c.*1652G>C|||||1652|,G|intron_variant|MODIFIER|AGAP003001|AGAP003001|transcript|AGAP003001-RA|protein_coding|2/2|c.2594-5894G>C||||||,G|intron_variant|MODIFIER|AGAP013545|AGAP013545|transcript|AGAP013545-RA|protein_coding|1/2|c.255-4910C>G||||||WARNING_TRANSCRIPT_NO_START_CODON"	AGAP013105|AGAP003001|AGAP013545	downstream_gene_variant,intron_variant,intron_variant
2R	30961460	2R:30973484	TRUE	0.00605038174754124	-1	A	C	C	"ANN=C|downstream_gene_variant|MODIFIER|AGAP013105|AGAP013105|transcript|AGAP013105-RA|protein_coding||c.*1493T>G|||||1493|,C|intron_variant|MODIFIER|AGAP003001|AGAP003001|transcript|AGAP003001-RA|protein_coding|2/2|c.2594-6053T>G||||||,C|intron_variant|MODIFIER|AGAP013545|AGAP013545|transcript|AGAP013545-RA|protein_coding|1/2|c.255-4751A>C||||||WARNING_TRANSCRIPT_NO_START_CODON"	AGAP013105|AGAP003001|AGAP013545	downstream_gene_variant,intron_variant,intron_variant
2R	30969562	2R:30973484	TRUE	0.00605038174754124	-1	C	A	A	"ANN=A|downstream_gene_variant|MODIFIER|AGAP013545|AGAP013545|transcript|AGAP013545-RA|protein_coding||c.*2743C>A|||||2743|WARNING_TRANSCRIPT_NO_START_CODON,A|downstream_gene_variant|MODIFIER|AGAP003002|AGAP003002|transcript|AGAP003002-RA|protein_coding||c.*121G>T|||||121|,A|intron_variant|MODIFIER|AGAP003001|AGAP003001|transcript|AGAP003001-RA|protein_coding|2/2|c.2593+3316G>T||||||"	AGAP013545|AGAP003002|AGAP003001	downstream_gene_variant,downstream_gene_variant,intron_variant
2R	30988960	2R:30973484	FALSE	0.00458639387733783	1	T	G	G	"ANN=G|intron_variant|MODIFIER|AGAP003005|AGAP003005|transcript|AGAP003005-RB|protein_coding|10/14|c.2281-94A>C||||||,G|intron_variant|MODIFIER|AGAP003005|AGAP003005|transcript|AGAP003005-RA|protein_coding|10/14|c.1999-94A>C||||||,G|intron_variant|MODIFIER|AGAP003005|AGAP003005|transcript|AGAP003005-RC|protein_coding|10/14|c.2281-94A>C||||||"	AGAP003005	intron_variant,intron_variant,intron_variant
2R	30992004	2R:30973484	FALSE	0.00458639387733783	1	G	C	C	"ANN=C|intron_variant|MODIFIER|AGAP003005|AGAP003005|transcript|AGAP003005-RB|protein_coding|2/14|c.703-210C>G||||||,C|intron_variant|MODIFIER|AGAP003005|AGAP003005|transcript|AGAP003005-RA|protein_coding|2/14|c.421-210C>G||||||,C|intron_variant|MODIFIER|AGAP003005|AGAP003005|transcript|AGAP003005-RC|protein_coding|2/14|c.703-210C>G||||||"	AGAP003005	intron_variant,intron_variant,intron_variant
2R	31234478	2R:31240396	TRUE	0.00737095726764969	-1	T	C	C	"ANN=C|upstream_gene_variant|MODIFIER|AGAP003023|AGAP003023|transcript|AGAP003023-RA|protein_coding||c.-4300A>G|||||4213|,C|upstream_gene_variant|MODIFIER|RpLp2|AGAP003025|transcript|AGAP003025-RA|protein_coding||c.-368A>G|||||335|,C|upstream_gene_variant|MODIFIER|AGAP003026|AGAP003026|transcript|AGAP003026-RA|protein_coding||c.-204T>C|||||169|,C|upstream_gene_variant|MODIFIER|AGAP003027|AGAP003027|transcript|AGAP003027-RA|protein_coding||c.-4819T>C|||||4619|,C|upstream_gene_variant|MODIFIER|AGAP003023|AGAP003023|transcript|AGAP003023-RB|protein_coding||c.-4300A>G|||||4213|,C|upstream_gene_variant|MODIFIER|RpLp2|AGAP003025|transcript|AGAP003025-RB|protein_coding||c.-293A>G|||||201|,C|upstream_gene_variant|MODIFIER|RpLp2|AGAP003025|transcript|AGAP003025-RC|protein_coding||c.-293A>G|||||201|,C|downstream_gene_variant|MODIFIER|AGAP003024|AGAP003024|transcript|AGAP003024-RA|protein_coding||c.*2537T>C|||||1920|,C|downstream_gene_variant|MODIFIER|AGAP003024|AGAP003024|transcript|AGAP003024-RB|protein_coding||c.*2537T>C|||||1920|,C|downstream_gene_variant|MODIFIER|AGAP003024|AGAP003024|transcript|AGAP003024-RC|protein_coding||c.*2537T>C|||||1920|,C|downstream_gene_variant|MODIFIER|AGAP003024|AGAP003024|transcript|AGAP003024-RD|protein_coding||c.*2537T>C|||||1920|,C|intergenic_region|MODIFIER|RpLp2-AGAP003026|AGAP003025-AGAP003026|intergenic_region|AGAP003025-AGAP003026|||n.31234478T>C||||||"	AGAP003023|AGAP003025|AGAP003026|AGAP003027|AGAP003024	upstream_gene_variant,upstream_gene_variant,upstream_gene_variant,upstream_gene_variant,upstream_gene_variant,upstream_gene_variant,upstream_gene_variant,downstream_gene_variant,downstream_gene_variant,downstream_gene_variant,downstream_gene_variant,intergenic_region
2R	31245217	2R:31240396	TRUE	0.00458639387733775	1	G	C	C	"ANN=C|upstream_gene_variant|MODIFIER|AGAP003029|AGAP003029|transcript|AGAP003029-RA|protein_coding||c.-3481G>C|||||3427|,C|downstream_gene_variant|MODIFIER|AGAP003027|AGAP003027|transcript|AGAP003027-RA|protein_coding||c.*1919G>C|||||1460|,C|downstream_gene_variant|MODIFIER|AGAP003028|AGAP003028|transcript|AGAP003028-RA|protein_coding||c.*1072C>G|||||711|,C|intron_variant|MODIFIER|AGAP029392|AGAP029392|transcript|AGAP029392-RA|protein_coding|3/3|c.280-53G>C||||||"	AGAP003029|AGAP003027|AGAP003028|AGAP029392	upstream_gene_variant,downstream_gene_variant,downstream_gene_variant,intron_variant
2R	31263205	2R:31240396	FALSE	0.000120920560685392	1	C	A	A	"ANN=A|3_prime_UTR_variant|MODIFIER|AGAP028611|AGAP028611|transcript|AGAP028611-RA|protein_coding|7/7|c.*1480C>A|||||2122|,A|upstream_gene_variant|MODIFIER|AGAP003032|AGAP003032|transcript|AGAP003032-RA|protein_coding||c.-4664C>A|||||4632|"	AGAP028611|AGAP003032	3_prime_UTR_variant,upstream_gene_variant
2R	31263244	2R:31240396	FALSE	0.000872196147272293	1	G	A	A	"ANN=A|3_prime_UTR_variant|MODIFIER|AGAP028611|AGAP028611|transcript|AGAP028611-RA|protein_coding|7/7|c.*1519G>A|||||2161|,A|upstream_gene_variant|MODIFIER|AGAP003032|AGAP003032|transcript|AGAP003032-RA|protein_coding||c.-4625G>A|||||4593|"	AGAP028611|AGAP003032	3_prime_UTR_variant,upstream_gene_variant
2R	31263644	2R:31240396	FALSE	0.000120920550450585	1	C	T	T	"ANN=T|3_prime_UTR_variant|MODIFIER|AGAP028611|AGAP028611|transcript|AGAP028611-RA|protein_coding|7/7|c.*1919C>T|||||2561|,T|upstream_gene_variant|MODIFIER|AGAP003032|AGAP003032|transcript|AGAP003032-RA|protein_coding||c.-4225C>T|||||4193|"	AGAP028611|AGAP003032	3_prime_UTR_variant,upstream_gene_variant
2R	31263707	2R:31240396	FALSE	0.00542753141406333	-1	A	T	T	"ANN=T|3_prime_UTR_variant|MODIFIER|AGAP028611|AGAP028611|transcript|AGAP028611-RA|protein_coding|7/7|c.*1982A>T|||||2624|,T|upstream_gene_variant|MODIFIER|AGAP003032|AGAP003032|transcript|AGAP003032-RA|protein_coding||c.-4162A>T|||||4130|"	AGAP028611|AGAP003032	3_prime_UTR_variant,upstream_gene_variant
2R	31263709	2R:31240396	FALSE	0.00542753141406333	-1	A	G	G	"ANN=G|3_prime_UTR_variant|MODIFIER|AGAP028611|AGAP028611|transcript|AGAP028611-RA|protein_coding|7/7|c.*1984A>G|||||2626|,G|upstream_gene_variant|MODIFIER|AGAP003032|AGAP003032|transcript|AGAP003032-RA|protein_coding||c.-4160A>G|||||4128|"	AGAP028611|AGAP003032	3_prime_UTR_variant,upstream_gene_variant
2R	31264046	2R:31240396	FALSE	0.000300887815796909	1	C	T	T	"ANN=T|3_prime_UTR_variant|MODIFIER|AGAP028611|AGAP028611|transcript|AGAP028611-RA|protein_coding|7/7|c.*2321C>T|||||2963|,T|upstream_gene_variant|MODIFIER|AGAP003032|AGAP003032|transcript|AGAP003032-RA|protein_coding||c.-3823C>T|||||3791|"	AGAP028611|AGAP003032	3_prime_UTR_variant,upstream_gene_variant
2R	31264167	2R:31240396	FALSE	0.00493428130265	1	T	C	C	"ANN=C|3_prime_UTR_variant|MODIFIER|AGAP028611|AGAP028611|transcript|AGAP028611-RA|protein_coding|7/7|c.*2442T>C|||||3084|,C|upstream_gene_variant|MODIFIER|AGAP003032|AGAP003032|transcript|AGAP003032-RA|protein_coding||c.-3702T>C|||||3670|"	AGAP028611|AGAP003032	3_prime_UTR_variant,upstream_gene_variant
2R	31264245	2R:31240396	FALSE	0.00493428130265	1	C	T	T	"ANN=T|3_prime_UTR_variant|MODIFIER|AGAP028611|AGAP028611|transcript|AGAP028611-RA|protein_coding|7/7|c.*2520C>T|||||3162|,T|upstream_gene_variant|MODIFIER|AGAP003032|AGAP003032|transcript|AGAP003032-RA|protein_coding||c.-3624C>T|||||3592|"	AGAP028611|AGAP003032	3_prime_UTR_variant,upstream_gene_variant
2R	31273169	2R:31293662	FALSE	0.00458639387733775	1	G	C	C	"ANN=C|synonymous_variant|LOW|AGAP003033|AGAP003033|transcript|AGAP003033-RA|protein_coding|2/3|c.411G>C|p.Leu137Leu|491/3736|411/3450|137/1149||,C|upstream_gene_variant|MODIFIER|AGAP013505|AGAP013505|transcript|AGAP013505-RA|protein_coding||c.-2511C>G|||||2247|,C|upstream_gene_variant|MODIFIER|AGAP003035|AGAP003035|transcript|AGAP003035-RA|protein_coding||c.-4604G>C|||||4499|,C|downstream_gene_variant|MODIFIER|AGAP003032|AGAP003032|transcript|AGAP003032-RA|protein_coding||c.*3685G>C|||||3675|,C|downstream_gene_variant|MODIFIER|AGAP003034|AGAP003034|transcript|AGAP003034-RA|protein_coding||c.*3353C>G|||||3341|"	AGAP003033|AGAP013505|AGAP003035|AGAP003032|AGAP003034	synonymous_variant,upstream_gene_variant,upstream_gene_variant,downstream_gene_variant,downstream_gene_variant
2R	31273751	2R:31293662	FALSE	0.00458639387733775	1	C	T	T	"ANN=T|synonymous_variant|LOW|AGAP003033|AGAP003033|transcript|AGAP003033-RA|protein_coding|2/3|c.993C>T|p.Asn331Asn|1073/3736|993/3450|331/1149||,T|upstream_gene_variant|MODIFIER|AGAP013505|AGAP013505|transcript|AGAP013505-RA|protein_coding||c.-3093G>A|||||2829|,T|upstream_gene_variant|MODIFIER|AGAP003035|AGAP003035|transcript|AGAP003035-RA|protein_coding||c.-4022C>T|||||3917|,T|downstream_gene_variant|MODIFIER|AGAP003032|AGAP003032|transcript|AGAP003032-RA|protein_coding||c.*4267C>T|||||4257|,T|downstream_gene_variant|MODIFIER|AGAP003034|AGAP003034|transcript|AGAP003034-RA|protein_coding||c.*2771G>A|||||2759|"	AGAP003033|AGAP013505|AGAP003035|AGAP003032|AGAP003034	synonymous_variant,upstream_gene_variant,upstream_gene_variant,downstream_gene_variant,downstream_gene_variant
2R	31276768	2R:31293662	FALSE	0.00191507508205649	1	G	T	T	"ANN=T|synonymous_variant|LOW|AGAP003034|AGAP003034|transcript|AGAP003034-RA|protein_coding|2/2|c.456C>A|p.Val152Val|500/758|456/702|152/233||,T|upstream_gene_variant|MODIFIER|AGAP003035|AGAP003035|transcript|AGAP003035-RA|protein_coding||c.-1005G>T|||||900|,T|downstream_gene_variant|MODIFIER|AGAP003033|AGAP003033|transcript|AGAP003033-RA|protein_coding||c.*489G>T|||||283|"	AGAP003034|AGAP003035|AGAP003033	synonymous_variant,upstream_gene_variant,downstream_gene_variant
2R	31276804	2R:31293662	FALSE	0.00191507508205649	1	C	T	T	"ANN=T|synonymous_variant|LOW|AGAP003034|AGAP003034|transcript|AGAP003034-RA|protein_coding|2/2|c.420G>A|p.Val140Val|464/758|420/702|140/233||,T|upstream_gene_variant|MODIFIER|AGAP003035|AGAP003035|transcript|AGAP003035-RA|protein_coding||c.-969C>T|||||864|,T|upstream_gene_variant|MODIFIER|AGAP003036|AGAP003036|transcript|AGAP003036-RA|protein_coding||c.-5209C>T|||||4972|,T|downstream_gene_variant|MODIFIER|AGAP003033|AGAP003033|transcript|AGAP003033-RA|protein_coding||c.*525C>T|||||319|"	AGAP003034|AGAP003035|AGAP003036|AGAP003033	synonymous_variant,upstream_gene_variant,upstream_gene_variant,downstream_gene_variant
2R	31276838	2R:31293662	FALSE	0.00191507508205649	1	T	C	C	"ANN=C|missense_variant|MODERATE|AGAP003034|AGAP003034|transcript|AGAP003034-RA|protein_coding|2/2|c.386A>G|p.Asp129Gly|430/758|386/702|129/233||,C|upstream_gene_variant|MODIFIER|AGAP003035|AGAP003035|transcript|AGAP003035-RA|protein_coding||c.-935T>C|||||830|,C|upstream_gene_variant|MODIFIER|AGAP003036|AGAP003036|transcript|AGAP003036-RA|protein_coding||c.-5175T>C|||||4938|,C|downstream_gene_variant|MODIFIER|AGAP003033|AGAP003033|transcript|AGAP003033-RA|protein_coding||c.*559T>C|||||353|"	AGAP003034|AGAP003035|AGAP003036|AGAP003033	missense_variant,upstream_gene_variant,upstream_gene_variant,downstream_gene_variant
2R	31276919	2R:31293662	FALSE	0.00438898116419358	1	C	T	T	"ANN=T|missense_variant|MODERATE|AGAP003034|AGAP003034|transcript|AGAP003034-RA|protein_coding|2/2|c.305G>A|p.Arg102His|349/758|305/702|102/233||,T|upstream_gene_variant|MODIFIER|AGAP003035|AGAP003035|transcript|AGAP003035-RA|protein_coding||c.-854C>T|||||749|,T|upstream_gene_variant|MODIFIER|AGAP003036|AGAP003036|transcript|AGAP003036-RA|protein_coding||c.-5094C>T|||||4857|,T|downstream_gene_variant|MODIFIER|AGAP003033|AGAP003033|transcript|AGAP003033-RA|protein_coding||c.*640C>T|||||434|"	AGAP003034|AGAP003035|AGAP003036|AGAP003033	missense_variant,upstream_gene_variant,upstream_gene_variant,downstream_gene_variant
2R	31277530	2R:31293662	FALSE	0.00594869053539177	1	A	C	C	"ANN=C|upstream_gene_variant|MODIFIER|AGAP003034|AGAP003034|transcript|AGAP003034-RA|protein_coding||c.-229T>G|||||185|,C|upstream_gene_variant|MODIFIER|AGAP003035|AGAP003035|transcript|AGAP003035-RA|protein_coding||c.-243A>C|||||138|,C|upstream_gene_variant|MODIFIER|AGAP003036|AGAP003036|transcript|AGAP003036-RA|protein_coding||c.-4483A>C|||||4246|,C|downstream_gene_variant|MODIFIER|AGAP003033|AGAP003033|transcript|AGAP003033-RA|protein_coding||c.*1251A>C|||||1045|,C|intergenic_region|MODIFIER|AGAP003034-AGAP003035|AGAP003034-AGAP003035|intergenic_region|AGAP003034-AGAP003035|||n.31277530A>C||||||"	AGAP003034|AGAP003035|AGAP003036|AGAP003033	upstream_gene_variant,upstream_gene_variant,upstream_gene_variant,downstream_gene_variant,intergenic_region
2R	31280847	2R:31293662	FALSE	0.00451771331151354	-1	G	C	C	"ANN=C|synonymous_variant|LOW|AGAP003035|AGAP003035|transcript|AGAP003035-RA|protein_coding|4/4|c.2850G>C|p.Gly950Gly|2955/3760|2850/3522|950/1173||,C|upstream_gene_variant|MODIFIER|AGAP003034|AGAP003034|transcript|AGAP003034-RA|protein_coding||c.-3546C>G|||||3502|,C|upstream_gene_variant|MODIFIER|AGAP003036|AGAP003036|transcript|AGAP003036-RA|protein_coding||c.-1166G>C|||||929|,C|downstream_gene_variant|MODIFIER|AGAP003033|AGAP003033|transcript|AGAP003033-RA|protein_coding||c.*4568G>C|||||4362|,C|downstream_gene_variant|MODIFIER|AGAP003037|AGAP003037|transcript|AGAP003037-RA|protein_coding||c.*2198C>G|||||2142|"	AGAP003035|AGAP003034|AGAP003036|AGAP003033|AGAP003037	synonymous_variant,upstream_gene_variant,upstream_gene_variant,downstream_gene_variant,downstream_gene_variant
2R	31281318	2R:31293662	FALSE	0.00884775524093629	1	A	G	G	"ANN=G|synonymous_variant|LOW|AGAP003035|AGAP003035|transcript|AGAP003035-RA|protein_coding|4/4|c.3321A>G|p.Pro1107Pro|3426/3760|3321/3522|1107/1173||,G|upstream_gene_variant|MODIFIER|AGAP003034|AGAP003034|transcript|AGAP003034-RA|protein_coding||c.-4017T>C|||||3973|,G|upstream_gene_variant|MODIFIER|AGAP003036|AGAP003036|transcript|AGAP003036-RA|protein_coding||c.-695A>G|||||458|,G|downstream_gene_variant|MODIFIER|AGAP003033|AGAP003033|transcript|AGAP003033-RA|protein_coding||c.*5039A>G|||||4833|,G|downstream_gene_variant|MODIFIER|AGAP003037|AGAP003037|transcript|AGAP003037-RA|protein_coding||c.*1727T>C|||||1671|"	AGAP003035|AGAP003034|AGAP003036|AGAP003033|AGAP003037	synonymous_variant,upstream_gene_variant,upstream_gene_variant,downstream_gene_variant,downstream_gene_variant
2R	31285718	2R:31293662	TRUE	0.00458639387733775	1	A	C	C	"ANN=C|downstream_gene_variant|MODIFIER|AGAP003035|AGAP003035|transcript|AGAP003035-RA|protein_coding||c.*4199A>C|||||4066|,C|downstream_gene_variant|MODIFIER|AGAP003036|AGAP003036|transcript|AGAP003036-RA|protein_coding||c.*3158A>C|||||2764|,C|intron_variant|MODIFIER|AGAP003037|AGAP003037|transcript|AGAP003037-RA|protein_coding|1/2|c.22-1480T>G||||||"	AGAP003035|AGAP003036|AGAP003037	downstream_gene_variant,downstream_gene_variant,intron_variant
2R	31289275	2R:31293662	TRUE	0.00184870407372327	1	T	C	C	"ANN=C|downstream_gene_variant|MODIFIER|AGAP003038|AGAP003038|transcript|AGAP003038-RA|protein_coding||c.*4879A>G|||||4201|,C|intron_variant|MODIFIER|AGAP003037|AGAP003037|transcript|AGAP003037-RA|protein_coding|1/2|c.21+2097A>G||||||"	AGAP003038|AGAP003037	downstream_gene_variant,intron_variant
2R	31292061	2R:31293662	TRUE	0.00458639387733775	1	G	A	A	"ANN=A|upstream_gene_variant|MODIFIER|AGAP003037|AGAP003037|transcript|AGAP003037-RA|protein_coding||c.-669C>T|||||397|,A|downstream_gene_variant|MODIFIER|AGAP003038|AGAP003038|transcript|AGAP003038-RA|protein_coding||c.*2093C>T|||||1415|,A|intergenic_region|MODIFIER|AGAP003037-AGAP003038|AGAP003037-AGAP003038|intergenic_region|AGAP003037-AGAP003038|||n.31292061G>A||||||"	AGAP003037|AGAP003038	upstream_gene_variant,downstream_gene_variant,intergenic_region
2R	31293481	2R:31293662	TRUE	0.00458639387733775	1	T	C	C	"ANN=C|3_prime_UTR_variant|MODIFIER|AGAP003038|AGAP003038|transcript|AGAP003038-RA|protein_coding|7/7|c.*673A>G|||||673|,C|upstream_gene_variant|MODIFIER|AGAP003037|AGAP003037|transcript|AGAP003037-RA|protein_coding||c.-2089A>G|||||1817|"	AGAP003038|AGAP003037	3_prime_UTR_variant,upstream_gene_variant
2R	31297862	2R:31293662	TRUE	0.00430529993530636	1	G	A,C	C	"Multiallelic;ANN=A|intron_variant|MODIFIER|AGAP003038|AGAP003038|transcript|AGAP003038-RA|protein_coding|2/6|c.895+364C>T||||||,C|intron_variant|MODIFIER|AGAP003038|AGAP003038|transcript|AGAP003038-RA|protein_coding|2/6|c.895+364C>G||||||"	AGAP003038	intron_variant,intron_variant
2R	31298730	2R:31293662	TRUE	0.00735017562102684	-1	C	T	T	"ANN=T|intron_variant|MODIFIER|AGAP003038|AGAP003038|transcript|AGAP003038-RA|protein_coding|1/6|c.478-87G>A||||||"	AGAP003038	intron_variant
2R	31298733	2R:31293662	TRUE	0.00242479357565108	-1	A	C,T	C	"Multiallelic;ANN=C|intron_variant|MODIFIER|AGAP003038|AGAP003038|transcript|AGAP003038-RA|protein_coding|1/6|c.478-90T>G||||||,T|intron_variant|MODIFIER|AGAP003038|AGAP003038|transcript|AGAP003038-RA|protein_coding|1/6|c.478-90T>A||||||"	AGAP003038	intron_variant,intron_variant
2R	31299381	2R:31293662	TRUE	0.00929150014193005	-1	T	C	C	"ANN=C|intron_variant|MODIFIER|AGAP003038|AGAP003038|transcript|AGAP003038-RA|protein_coding|1/6|c.478-738A>G||||||"	AGAP003038	intron_variant
2R	31302869	2R:31293662	TRUE	0.00608640619293197	1	G	A	A	"ANN=A|intron_variant|MODIFIER|AGAP003038|AGAP003038|transcript|AGAP003038-RA|protein_coding|1/6|c.478-4226C>T||||||"	AGAP003038	intron_variant
2R	31302880	2R:31293662	TRUE	0.00608640619293197	1	G	A	A	"ANN=A|intron_variant|MODIFIER|AGAP003038|AGAP003038|transcript|AGAP003038-RA|protein_coding|1/6|c.478-4237C>T||||||"	AGAP003038	intron_variant
2R	31305332	2R:31293662	FALSE	0.00295744140281964	-1	A	C	C	"ANN=C|intron_variant|MODIFIER|AGAP003038|AGAP003038|transcript|AGAP003038-RA|protein_coding|1/6|c.477+3414T>G||||||"	AGAP003038	intron_variant
3R	50221086	3R:50249380	FALSE	0.000300887815796905	1	A	T	T	"ANN=T|intron_variant|MODIFIER|AGAP010186|AGAP010186|transcript|AGAP010186-RA|protein_coding|4/8|c.715+6185T>A||||||"	AGAP010186	intron_variant
3R	50235550	3R:50249380	TRUE	0.00605038174754124	-1	A	C,T	T	"Multiallelic;ANN=C|intron_variant|MODIFIER|AGAP010186|AGAP010186|transcript|AGAP010186-RA|protein_coding|1/8|c.68-7460T>G||||||,T|intron_variant|MODIFIER|AGAP010186|AGAP010186|transcript|AGAP010186-RA|protein_coding|1/8|c.68-7460T>A||||||"	AGAP010186	intron_variant,intron_variant
3R	50240294	3R:50249380	TRUE	0.00184870407372324	1	G	T	T	"ANN=T|intron_variant|MODIFIER|AGAP010186|AGAP010186|transcript|AGAP010186-RA|protein_coding|1/8|c.68-12204C>A||||||"	AGAP010186	intron_variant
3R	50241402	3R:50249380	TRUE	0.00374124826835883	-1	C	T	T	"ANN=T|intron_variant|MODIFIER|AGAP010186|AGAP010186|transcript|AGAP010186-RA|protein_coding|1/8|c.68-13312G>A||||||"	AGAP010186	intron_variant
3R	50242828	3R:50249380	TRUE	0.00915844120287293	-1	G	C	C	"ANN=C|intron_variant|MODIFIER|AGAP010186|AGAP010186|transcript|AGAP010186-RA|protein_coding|1/8|c.68-14738C>G||||||"	AGAP010186	intron_variant
3R	50244567	3R:50249380	TRUE	0.00144722783325916	-1	C	A	A	"ANN=A|intron_variant|MODIFIER|AGAP010186|AGAP010186|transcript|AGAP010186-RA|protein_coding|1/8|c.68-16477G>T||||||"	AGAP010186	intron_variant
3R	50257226	3R:50249380	TRUE	0.00605038174754124	-1	G	A	A	"ANN=A|intron_variant|MODIFIER|AGAP010186|AGAP010186|transcript|AGAP010186-RA|protein_coding|1/8|c.67+15474C>T||||||"	AGAP010186	intron_variant
