specimen	species	location	country	insecticide	concentration	exposure_time	phenotype	plate
EA18-0001	arabiensis	Moshi	Tanzania	Delta	0.5	60	dead	TZ18_Plate03
EA18-0002	arabiensis	Moshi	Tanzania	Delta	0.5	60	dead	TZ18_Plate03
EA18-0003	arabiensis	Moshi	Tanzania	Delta	0.5	60	dead	TZ18_Plate03
EA18-0004	arabiensis	Moshi	Tanzania	Delta	0.5	60	dead	TZ18_Plate03
EA18-0005	arabiensis	Moshi	Tanzania	Delta	0.5	60	dead	TZ18_Plate03
EA18-0006	arabiensis	Moshi	Tanzania	Delta	0.5	60	dead	TZ18_Plate03
EA18-0007	arabiensis	Moshi	Tanzania	Delta	0.5	60	dead	TZ18_Plate03
EA18-0008	arabiensis	Moshi	Tanzania	Delta	0.5	60	dead	TZ18_Plate03
EA18-0009	arabiensis	Moshi	Tanzania	Delta	0.5	60	dead	TZ18_Plate03
EA18-0010	arabiensis	Moshi	Tanzania	Delta	0.5	60	dead	TZ18_Plate03
EA18-0011	arabiensis	Moshi	Tanzania	Delta	0.5	60	dead	TZ18_Plate03
EA18-0012	arabiensis	Moshi	Tanzania	Delta	0.5	60	dead	TZ18_Plate03
EA18-0013	arabiensis	Moshi	Tanzania	Delta	0.5	60	dead	TZ18_Plate03
EA18-0014	arabiensis	Moshi	Tanzania	Delta	0.5	60	dead	TZ18_Plate03
EA18-0015	arabiensis	Moshi	Tanzania	Delta	0.5	60	dead	TZ18_Plate03
EA18-0016	arabiensis	Moshi	Tanzania	Delta	0.5	60	dead	TZ18_Plate03
EA18-0017	arabiensis	Moshi	Tanzania	Delta	0.5	60	dead	TZ18_Plate03
EA18-0018	arabiensis	Moshi	Tanzania	Delta	0.5	60	dead	TZ18_Plate03
EA18-0019	arabiensis	Moshi	Tanzania	Delta	0.5	60	dead	TZ18_Plate03
EA18-0020	arabiensis	Moshi	Tanzania	Delta	0.5	60	dead	TZ18_Plate03
EA18-0021	arabiensis	Moshi	Tanzania	Delta	0.5	60	dead	TZ18_Plate03
EA18-0022	arabiensis	Moshi	Tanzania	Delta	0.5	60	dead	TZ18_Plate03
EA18-0023	arabiensis	Moshi	Tanzania	Delta	0.5	60	dead	TZ18_Plate03
EA18-0024	arabiensis	Moshi	Tanzania	Delta	0.5	60	dead	TZ18_Plate03
EA18-0025	arabiensis	Moshi	Tanzania	Delta	0.5	60	dead	TZ18_Plate03
EA18-0026	arabiensis	Moshi	Tanzania	Delta	0.5	60	dead	TZ18_Plate03
EA18-0027	arabiensis	Moshi	Tanzania	Delta	0.5	60	dead	TZ18_Plate03
EA18-0028	arabiensis	Moshi	Tanzania	Delta	0.5	60	dead	TZ18_Plate03
EA18-0029	arabiensis	Moshi	Tanzania	Delta	0.5	60	dead	TZ18_Plate03
EA18-0030	arabiensis	Moshi	Tanzania	Delta	0.5	60	dead	TZ18_Plate03
EA18-0031	arabiensis	Moshi	Tanzania	Delta	0.5	60	dead	TZ18_Plate03
EA18-0032	arabiensis	Moshi	Tanzania	Delta	0.5	60	dead	TZ18_Plate03
EA18-0033	arabiensis	Moshi	Tanzania	Delta	0.5	60	dead	TZ18_Plate03
EA18-0034	arabiensis	Moshi	Tanzania	Delta	0.5	60	dead	TZ18_Plate03
EA18-0035	arabiensis	Moshi	Tanzania	Delta	0.5	60	dead	TZ18_Plate03
EA18-0036	arabiensis	Moshi	Tanzania	Delta	0.5	60	dead	TZ18_Plate03
EA18-0037	arabiensis	Moshi	Tanzania	Delta	0.5	60	dead	TZ18_Plate03
EA18-0038	arabiensis	Moshi	Tanzania	Delta	0.5	60	dead	TZ18_Plate03
EA18-0039	arabiensis	Moshi	Tanzania	Delta	0.5	60	dead	TZ18_Plate03
EA18-0040	arabiensis	Moshi	Tanzania	Delta	0.5	60	dead	TZ18_Plate03
EA18-0041	arabiensis	Moshi	Tanzania	Delta	0.5	60	dead	TZ18_Plate03
EA18-0042	None	Moshi	Tanzania	Delta	0.5	60	dead	TZ18_Plate03
EA18-0043	arabiensis	Moshi	Tanzania	Delta	0.5	60	dead	TZ18_Plate03
EA18-0044	arabiensis	Moshi	Tanzania	Delta	0.5	60	dead	TZ18_Plate03
EA18-0045	arabiensis	Moshi	Tanzania	Delta	0.5	60	dead	TZ18_Plate03
EA18-0046	arabiensis	Moshi	Tanzania	Delta	0.5	60	dead	TZ18_Plate03
EA18-0047	arabiensis	Moshi	Tanzania	Delta	0.5	60	dead	TZ18_Plate03
EA18-0048	arabiensis	Moshi	Tanzania	Delta	0.5	60	dead	TZ18_Plate03
EA18-0049	arabiensis	Moshi	Tanzania	Delta	0.5	60	dead	TZ18_Plate03
EA18-0050	arabiensis	Moshi	Tanzania	Delta	0.5	60	dead	TZ18_Plate03
EA18-0051	arabiensis	Moshi	Tanzania	Delta	0.5	60	dead	TZ18_Plate03
EA18-0052	arabiensis	Moshi	Tanzania	Delta	0.5	60	dead	TZ18_Plate03
EA18-0053	arabiensis	Moshi	Tanzania	Delta	0.5	60	dead	TZ18_Plate03
EA18-0054	arabiensis	Moshi	Tanzania	Delta	0.5	60	dead	TZ18_Plate03
EA18-0055	arabiensis	Moshi	Tanzania	Delta	0.5	60	dead	TZ18_Plate03
EA18-0056	arabiensis	Moshi	Tanzania	Delta	0.5	60	dead	TZ18_Plate03
EA18-0057	arabiensis	Moshi	Tanzania	Delta	0.5	60	dead	TZ18_Plate03
EA18-0058	arabiensis	Moshi	Tanzania	Delta	0.5	60	dead	TZ18_Plate03
EA18-0059	arabiensis	Moshi	Tanzania	Delta	0.5	60	dead	TZ18_Plate03
EA18-0060	arabiensis	Moshi	Tanzania	Delta	0.5	60	dead	TZ18_Plate03
EA18-0061	arabiensis	Moshi	Tanzania	Delta	0.5	60	dead	TZ18_Plate03
EA18-0062	arabiensis	Moshi	Tanzania	Delta	0.5	60	dead	TZ18_Plate03
EA18-0063	arabiensis	Moshi	Tanzania	Delta	0.5	60	dead	TZ18_Plate03
EA18-0064	arabiensis	Moshi	Tanzania	Delta	0.5	60	dead	TZ18_Plate03
EA18-0065	arabiensis	Moshi	Tanzania	Delta	0.5	60	dead	TZ18_Plate03
EA18-0066	arabiensis	Moshi	Tanzania	Delta	0.5	60	dead	TZ18_Plate03
EA18-0067	arabiensis	Moshi	Tanzania	Delta	0.5	60	dead	TZ18_Plate03
EA18-0068	arabiensis	Moshi	Tanzania	Delta	0.5	60	dead	TZ18_Plate03
EA18-0069	arabiensis	Moshi	Tanzania	Delta	0.5	60	dead	TZ18_Plate03
EA18-0070	arabiensis	Moshi	Tanzania	Delta	0.5	60	dead	TZ18_Plate03
EA18-0071	arabiensis	Moshi	Tanzania	Delta	0.5	60	dead	TZ18_Plate03
EA18-0072	arabiensis	Moshi	Tanzania	Delta	0.5	60	dead	TZ18_Plate03
EA18-0073	arabiensis	Moshi	Tanzania	Delta	0.5	60	dead	TZ18_Plate03
EA18-0074	arabiensis	Moshi	Tanzania	Delta	0.5	60	dead	TZ18_Plate03
EA18-0075	arabiensis	Moshi	Tanzania	Delta	0.5	60	dead	TZ18_Plate03
EA18-0076	arabiensis	Moshi	Tanzania	Delta	0.5	60	dead	TZ18_Plate03
EA18-0077	arabiensis	Moshi	Tanzania	Delta	0.5	60	dead	TZ18_Plate03
EA18-0078	arabiensis	Moshi	Tanzania	Delta	0.5	60	dead	TZ18_Plate03
EA18-0079	arabiensis	Moshi	Tanzania	Delta	0.5	60	dead	TZ18_Plate03
EA18-0080	arabiensis	Moshi	Tanzania	Delta	0.5	60	dead	TZ18_Plate03
EA18-0081	arabiensis	Moshi	Tanzania	Delta	0.5	60	dead	TZ18_Plate03
EA18-0082	arabiensis	Moshi	Tanzania	Delta	0.5	60	dead	TZ18_Plate03
EA18-0083	arabiensis	Moshi	Tanzania	Delta	0.5	60	dead	TZ18_Plate03
EA18-0084	arabiensis	Moshi	Tanzania	Delta	0.5	60	dead	TZ18_Plate03
EA18-0085	arabiensis	Moshi	Tanzania	Delta	0.5	60	dead	TZ18_Plate03
EA18-0086	arabiensis	Moshi	Tanzania	Delta	0.5	60	dead	TZ18_Plate03
EA18-0087	arabiensis	Moshi	Tanzania	Delta	0.5	60	dead	TZ18_Plate03
EA18-0088	arabiensis	Moshi	Tanzania	Delta	0.5	60	dead	TZ18_Plate03
EA18-0089	arabiensis	Moshi	Tanzania	Delta	0.5	60	dead	TZ18_Plate03
EA18-0090	arabiensis	Moshi	Tanzania	Delta	0.5	60	dead	TZ18_Plate03
EA18-0091	arabiensis	Moshi	Tanzania	Delta	0.5	60	dead	TZ18_Plate03
EA18-0092	arabiensis	Moshi	Tanzania	Delta	0.5	60	dead	TZ18_Plate03
EA18-0093	arabiensis	Moshi	Tanzania	Delta	0.5	60	dead	TZ18_Plate03
EA18-0094	arabiensis	Moshi	Tanzania	Delta	0.5	60	dead	TZ18_Plate03
EA18-0095	arabiensis	Moshi	Tanzania	Delta	0.5	60	dead	TZ18_Plate03
EA18-0096	arabiensis	Moshi	Tanzania	Delta	0.5	60	dead	TZ18_Plate03
EA18-0097	arabiensis	Moshi	Tanzania	Delta	2.5	60	alive	TZ18_Plate04
EA18-0098	arabiensis	Moshi	Tanzania	Delta	2.5	60	alive	TZ18_Plate04
EA18-0099	arabiensis	Moshi	Tanzania	Delta	2.5	60	alive	TZ18_Plate04
EA18-0100	arabiensis	Moshi	Tanzania	Delta	2.5	60	alive	TZ18_Plate04
EA18-0101	arabiensis	Moshi	Tanzania	Delta	2.5	60	alive	TZ18_Plate04
EA18-0102	arabiensis	Moshi	Tanzania	Delta	2.5	60	alive	TZ18_Plate04
EA18-0103	arabiensis	Moshi	Tanzania	Delta	2.5	60	alive	TZ18_Plate04
EA18-0104	arabiensis	Moshi	Tanzania	Delta	2.5	60	alive	TZ18_Plate04
EA18-0105	arabiensis	Moshi	Tanzania	Delta	2.5	60	alive	TZ18_Plate04
EA18-0106	arabiensis	Moshi	Tanzania	Delta	2.5	60	alive	TZ18_Plate04
EA18-0107	arabiensis	Moshi	Tanzania	Delta	2.5	60	alive	TZ18_Plate04
EA18-0108	arabiensis	Moshi	Tanzania	Delta	2.5	60	alive	TZ18_Plate04
EA18-0109	arabiensis	Moshi	Tanzania	Delta	2.5	60	alive	TZ18_Plate04
EA18-0110	arabiensis	Moshi	Tanzania	Delta	2.5	60	alive	TZ18_Plate04
EA18-0111	arabiensis	Moshi	Tanzania	Delta	2.5	60	alive	TZ18_Plate04
EA18-0112	arabiensis	Moshi	Tanzania	Delta	2.5	60	alive	TZ18_Plate04
EA18-0113	arabiensis	Moshi	Tanzania	Delta	2.5	60	alive	TZ18_Plate04
EA18-0114	arabiensis	Moshi	Tanzania	Delta	2.5	60	alive	TZ18_Plate04
EA18-0115	arabiensis	Moshi	Tanzania	Delta	2.5	60	alive	TZ18_Plate04
EA18-0116	arabiensis	Moshi	Tanzania	Delta	2.5	60	alive	TZ18_Plate04
EA18-0117	arabiensis	Moshi	Tanzania	Delta	2.5	60	alive	TZ18_Plate04
EA18-0118	arabiensis	Moshi	Tanzania	Delta	2.5	60	alive	TZ18_Plate04
EA18-0119	arabiensis	Moshi	Tanzania	Delta	2.5	60	alive	TZ18_Plate04
EA18-0120	arabiensis	Moshi	Tanzania	Delta	2.5	60	alive	TZ18_Plate04
EA18-0121	arabiensis	Moshi	Tanzania	Delta	2.5	60	alive	TZ18_Plate04
EA18-0122	arabiensis	Moshi	Tanzania	Delta	2.5	60	alive	TZ18_Plate04
EA18-0123	arabiensis	Moshi	Tanzania	Delta	2.5	60	alive	TZ18_Plate04
EA18-0124	arabiensis	Moshi	Tanzania	Delta	2.5	60	alive	TZ18_Plate04
EA18-0125	arabiensis	Moshi	Tanzania	Delta	2.5	60	alive	TZ18_Plate04
EA18-0126	arabiensis	Moshi	Tanzania	Delta	2.5	60	alive	TZ18_Plate04
EA18-0127	arabiensis	Moshi	Tanzania	Delta	2.5	60	alive	TZ18_Plate04
EA18-0128	arabiensis	Moshi	Tanzania	Delta	2.5	60	alive	TZ18_Plate04
EA18-0129	arabiensis	Moshi	Tanzania	Delta	2.5	60	alive	TZ18_Plate04
EA18-0130	arabiensis	Moshi	Tanzania	Delta	2.5	60	alive	TZ18_Plate04
EA18-0131	arabiensis	Moshi	Tanzania	Delta	2.5	60	alive	TZ18_Plate04
EA18-0132	arabiensis	Moshi	Tanzania	Delta	2.5	60	alive	TZ18_Plate04
EA18-0133	arabiensis	Moshi	Tanzania	Delta	2.5	60	alive	TZ18_Plate04
EA18-0134	arabiensis	Moshi	Tanzania	Delta	2.5	60	alive	TZ18_Plate04
EA18-0135	arabiensis	Moshi	Tanzania	Delta	2.5	60	alive	TZ18_Plate04
EA18-0136	arabiensis	Moshi	Tanzania	Delta	2.5	60	alive	TZ18_Plate04
EA18-0137	arabiensis	Moshi	Tanzania	Delta	2.5	60	alive	TZ18_Plate04
EA18-0138	arabiensis	Moshi	Tanzania	Delta	2.5	60	alive	TZ18_Plate04
EA18-0139	arabiensis	Moshi	Tanzania	Delta	2.5	60	alive	TZ18_Plate04
EA18-0140	arabiensis	Moshi	Tanzania	Delta	2.5	60	alive	TZ18_Plate04
EA18-0141	arabiensis	Moshi	Tanzania	Delta	2.5	60	alive	TZ18_Plate04
EA18-0142	arabiensis	Moshi	Tanzania	Delta	2.5	60	alive	TZ18_Plate04
EA18-0143	arabiensis	Moshi	Tanzania	Delta	2.5	60	alive	TZ18_Plate04
EA18-0144	arabiensis	Moshi	Tanzania	Delta	2.5	60	alive	TZ18_Plate04
EA18-0145	arabiensis	Moshi	Tanzania	Delta	2.5	60	alive	TZ18_Plate04
EA18-0146	arabiensis	Moshi	Tanzania	Delta	2.5	60	alive	TZ18_Plate04
EA18-0147	arabiensis	Moshi	Tanzania	Delta	2.5	60	alive	TZ18_Plate04
EA18-0148	arabiensis	Moshi	Tanzania	Delta	2.5	60	alive	TZ18_Plate04
EA18-0149	arabiensis	Moshi	Tanzania	Delta	2.5	60	alive	TZ18_Plate04
EA18-0150	arabiensis	Moshi	Tanzania	Delta	2.5	60	alive	TZ18_Plate04
EA18-0151	arabiensis	Moshi	Tanzania	Delta	2.5	60	alive	TZ18_Plate04
EA18-0152	arabiensis	Moshi	Tanzania	Delta	2.5	60	alive	TZ18_Plate04
EA18-0153	arabiensis	Moshi	Tanzania	Delta	2.5	60	alive	TZ18_Plate04
EA18-0154	arabiensis	Moshi	Tanzania	Delta	2.5	60	alive	TZ18_Plate04
EA18-0155	arabiensis	Moshi	Tanzania	Delta	2.5	60	alive	TZ18_Plate04
EA18-0156	arabiensis	Moshi	Tanzania	Delta	2.5	60	alive	TZ18_Plate04
EA18-0157	arabiensis	Moshi	Tanzania	Delta	2.5	60	alive	TZ18_Plate04
EA18-0158	arabiensis	Moshi	Tanzania	Delta	2.5	60	alive	TZ18_Plate04
EA18-0159	arabiensis	Moshi	Tanzania	Delta	2.5	60	alive	TZ18_Plate04
EA18-0160	arabiensis	Moshi	Tanzania	Delta	2.5	60	alive	TZ18_Plate04
EA18-0161	arabiensis	Moshi	Tanzania	Delta	2.5	60	alive	TZ18_Plate04
EA18-0162	arabiensis	Moshi	Tanzania	Delta	2.5	60	alive	TZ18_Plate04
EA18-0163	arabiensis	Moshi	Tanzania	Delta	2.5	60	alive	TZ18_Plate04
EA18-0164	arabiensis	Moshi	Tanzania	Delta	2.5	60	alive	TZ18_Plate04
EA18-0165	arabiensis	Moshi	Tanzania	Delta	2.5	60	alive	TZ18_Plate04
EA18-0166	arabiensis	Moshi	Tanzania	Delta	2.5	60	alive	TZ18_Plate04
EA18-0167	arabiensis	Moshi	Tanzania	Delta	2.5	60	alive	TZ18_Plate04
EA18-0168	arabiensis	Moshi	Tanzania	Delta	2.5	60	alive	TZ18_Plate04
EA18-0169	arabiensis	Moshi	Tanzania	Delta	2.5	60	alive	TZ18_Plate04
EA18-0170	arabiensis	Moshi	Tanzania	Delta	2.5	60	alive	TZ18_Plate04
EA18-0171	arabiensis	Moshi	Tanzania	Delta	2.5	60	alive	TZ18_Plate04
EA18-0172	arabiensis	Moshi	Tanzania	Delta	2.5	60	alive	TZ18_Plate04
EA18-0173	arabiensis	Moshi	Tanzania	Delta	2.5	60	alive	TZ18_Plate04
EA18-0174	arabiensis	Moshi	Tanzania	Delta	2.5	60	alive	TZ18_Plate04
EA18-0175	arabiensis	Moshi	Tanzania	Delta	2.5	60	alive	TZ18_Plate04
EA18-0176	arabiensis	Moshi	Tanzania	Delta	2.5	60	alive	TZ18_Plate04
EA18-0177	arabiensis	Moshi	Tanzania	Delta	2.5	60	alive	TZ18_Plate04
EA18-0178	arabiensis	Moshi	Tanzania	Delta	2.5	60	alive	TZ18_Plate04
EA18-0179	arabiensis	Moshi	Tanzania	Delta	2.5	60	alive	TZ18_Plate04
EA18-0180	arabiensis	Moshi	Tanzania	Delta	2.5	60	alive	TZ18_Plate04
EA18-0181	arabiensis	Moshi	Tanzania	Delta	2.5	60	alive	TZ18_Plate04
EA18-0182	arabiensis	Moshi	Tanzania	Delta	2.5	60	alive	TZ18_Plate04
EA18-0183	arabiensis	Moshi	Tanzania	Delta	2.5	60	alive	TZ18_Plate04
EA18-0184	arabiensis	Moshi	Tanzania	Delta	2.5	60	alive	TZ18_Plate04
EA18-0185	arabiensis	Moshi	Tanzania	Delta	2.5	60	alive	TZ18_Plate04
EA18-0186	arabiensis	Moshi	Tanzania	Delta	2.5	60	alive	TZ18_Plate04
EA18-0187	arabiensis	Moshi	Tanzania	Delta	2.5	60	alive	TZ18_Plate04
EA18-0188	arabiensis	Moshi	Tanzania	Delta	2.5	60	alive	TZ18_Plate04
EA18-0189	arabiensis	Moshi	Tanzania	Delta	2.5	60	alive	TZ18_Plate04
EA18-0190	arabiensis	Moshi	Tanzania	Delta	2.5	60	alive	TZ18_Plate04
EA18-0191	arabiensis	Moshi	Tanzania	Delta	2.5	60	alive	TZ18_Plate04
EA18-0192	arabiensis	Moshi	Tanzania	Delta	2.5	60	alive	TZ18_Plate04
EA18-0193	arabiensis	Moshi	Tanzania	PM	0.5	60	dead	TZ18_Plate05
EA18-0194	arabiensis	Moshi	Tanzania	PM	0.5	60	dead	TZ18_Plate05
EA18-0195	arabiensis	Moshi	Tanzania	PM	0.5	60	dead	TZ18_Plate05
EA18-0196	arabiensis	Moshi	Tanzania	PM	0.5	60	dead	TZ18_Plate05
EA18-0197	arabiensis	Moshi	Tanzania	PM	0.5	60	dead	TZ18_Plate05
EA18-0198	arabiensis	Moshi	Tanzania	PM	0.5	60	dead	TZ18_Plate05
EA18-0199	arabiensis	Moshi	Tanzania	PM	0.5	60	dead	TZ18_Plate05
EA18-0200	arabiensis	Moshi	Tanzania	PM	0.5	60	dead	TZ18_Plate05
EA18-0201	arabiensis	Moshi	Tanzania	PM	0.5	60	dead	TZ18_Plate05
EA18-0202	arabiensis	Moshi	Tanzania	PM	0.5	60	dead	TZ18_Plate05
EA18-0203	arabiensis	Moshi	Tanzania	PM	0.5	60	dead	TZ18_Plate05
EA18-0204	arabiensis	Moshi	Tanzania	PM	0.5	60	dead	TZ18_Plate05
EA18-0205	arabiensis	Moshi	Tanzania	PM	0.5	60	dead	TZ18_Plate05
EA18-0206	arabiensis	Moshi	Tanzania	PM	0.5	60	dead	TZ18_Plate05
EA18-0207	arabiensis	Moshi	Tanzania	PM	0.5	60	dead	TZ18_Plate05
EA18-0208	arabiensis	Moshi	Tanzania	PM	0.5	60	dead	TZ18_Plate05
EA18-0209	arabiensis	Moshi	Tanzania	PM	0.5	60	dead	TZ18_Plate05
EA18-0210	arabiensis	Moshi	Tanzania	PM	0.5	60	dead	TZ18_Plate05
EA18-0211	arabiensis	Moshi	Tanzania	PM	0.5	60	dead	TZ18_Plate05
EA18-0212	arabiensis	Moshi	Tanzania	PM	0.5	60	dead	TZ18_Plate05
EA18-0213	arabiensis	Moshi	Tanzania	PM	0.5	60	dead	TZ18_Plate05
EA18-0214	arabiensis	Moshi	Tanzania	PM	0.5	60	dead	TZ18_Plate05
EA18-0215	arabiensis	Moshi	Tanzania	PM	0.5	60	dead	TZ18_Plate05
EA18-0216	arabiensis	Moshi	Tanzania	PM	0.5	60	dead	TZ18_Plate05
EA18-0217	arabiensis	Moshi	Tanzania	PM	0.5	60	dead	TZ18_Plate05
EA18-0218	arabiensis	Moshi	Tanzania	PM	0.5	60	dead	TZ18_Plate05
EA18-0219	arabiensis	Moshi	Tanzania	PM	0.5	60	dead	TZ18_Plate05
EA18-0220	arabiensis	Moshi	Tanzania	PM	0.5	60	dead	TZ18_Plate05
EA18-0221	arabiensis	Moshi	Tanzania	PM	0.5	60	dead	TZ18_Plate05
EA18-0222	arabiensis	Moshi	Tanzania	PM	0.5	60	dead	TZ18_Plate05
EA18-0223	arabiensis	Moshi	Tanzania	PM	0.5	60	dead	TZ18_Plate05
EA18-0224	arabiensis	Moshi	Tanzania	PM	0.5	60	dead	TZ18_Plate05
EA18-0225	arabiensis	Moshi	Tanzania	PM	0.5	60	dead	TZ18_Plate05
EA18-0226	arabiensis	Moshi	Tanzania	PM	0.5	60	dead	TZ18_Plate05
EA18-0227	arabiensis	Moshi	Tanzania	PM	0.5	60	dead	TZ18_Plate05
EA18-0228	arabiensis	Moshi	Tanzania	PM	0.5	60	dead	TZ18_Plate05
EA18-0229	arabiensis	Moshi	Tanzania	PM	0.5	60	dead	TZ18_Plate05
EA18-0230	arabiensis	Moshi	Tanzania	PM	0.5	60	dead	TZ18_Plate05
EA18-0231	arabiensis	Moshi	Tanzania	PM	0.5	60	dead	TZ18_Plate05
EA18-0232	arabiensis	Moshi	Tanzania	PM	0.5	60	dead	TZ18_Plate05
EA18-0233	arabiensis	Moshi	Tanzania	PM	0.5	60	dead	TZ18_Plate05
EA18-0234	arabiensis	Moshi	Tanzania	PM	0.5	60	dead	TZ18_Plate05
EA18-0235	arabiensis	Moshi	Tanzania	PM	0.5	60	dead	TZ18_Plate05
EA18-0236	arabiensis	Moshi	Tanzania	PM	0.5	60	dead	TZ18_Plate05
EA18-0237	arabiensis	Moshi	Tanzania	PM	0.5	60	dead	TZ18_Plate05
EA18-0238	arabiensis	Moshi	Tanzania	PM	0.5	60	dead	TZ18_Plate05
EA18-0239	arabiensis	Moshi	Tanzania	PM	0.5	60	dead	TZ18_Plate05
EA18-0240	arabiensis	Moshi	Tanzania	PM	0.5	60	dead	TZ18_Plate05
EA18-0241	arabiensis	Moshi	Tanzania	PM	0.5	60	dead	TZ18_Plate05
EA18-0242	arabiensis	Moshi	Tanzania	PM	0.5	60	dead	TZ18_Plate05
EA18-0243	arabiensis	Moshi	Tanzania	PM	0.5	60	dead	TZ18_Plate05
EA18-0244	arabiensis	Moshi	Tanzania	PM	0.5	60	dead	TZ18_Plate05
EA18-0245	arabiensis	Moshi	Tanzania	PM	0.5	60	dead	TZ18_Plate05
EA18-0246	arabiensis	Moshi	Tanzania	PM	0.5	60	dead	TZ18_Plate05
EA18-0247	arabiensis	Moshi	Tanzania	PM	0.5	60	dead	TZ18_Plate05
EA18-0248	arabiensis	Moshi	Tanzania	PM	0.5	60	dead	TZ18_Plate05
EA18-0249	arabiensis	Moshi	Tanzania	PM	0.5	60	dead	TZ18_Plate05
EA18-0250	arabiensis	Moshi	Tanzania	PM	0.5	60	dead	TZ18_Plate05
EA18-0251	arabiensis	Moshi	Tanzania	PM	0.5	60	dead	TZ18_Plate05
EA18-0252	arabiensis	Moshi	Tanzania	PM	0.5	60	dead	TZ18_Plate05
EA18-0253	arabiensis	Moshi	Tanzania	PM	0.5	60	dead	TZ18_Plate05
EA18-0254	arabiensis	Moshi	Tanzania	PM	0.5	60	dead	TZ18_Plate05
EA18-0255	arabiensis	Moshi	Tanzania	PM	0.5	60	dead	TZ18_Plate05
EA18-0256	arabiensis	Moshi	Tanzania	PM	0.5	60	dead	TZ18_Plate05
EA18-0257	arabiensis	Moshi	Tanzania	PM	0.5	60	dead	TZ18_Plate05
EA18-0258	arabiensis	Moshi	Tanzania	PM	0.5	60	dead	TZ18_Plate05
EA18-0259	arabiensis	Moshi	Tanzania	PM	0.5	60	dead	TZ18_Plate05
EA18-0260	arabiensis	Moshi	Tanzania	PM	0.5	60	dead	TZ18_Plate05
EA18-0261	arabiensis	Moshi	Tanzania	PM	0.5	60	dead	TZ18_Plate05
EA18-0262	arabiensis	Moshi	Tanzania	PM	0.5	60	dead	TZ18_Plate05
EA18-0263	arabiensis	Moshi	Tanzania	PM	0.5	60	dead	TZ18_Plate05
EA18-0264	arabiensis	Moshi	Tanzania	PM	0.5	60	dead	TZ18_Plate05
EA18-0265	arabiensis	Moshi	Tanzania	PM	0.5	60	dead	TZ18_Plate05
EA18-0266	arabiensis	Moshi	Tanzania	PM	0.5	60	dead	TZ18_Plate05
EA18-0267	arabiensis	Moshi	Tanzania	PM	0.5	60	dead	TZ18_Plate05
EA18-0268	arabiensis	Moshi	Tanzania	PM	0.5	60	dead	TZ18_Plate05
EA18-0269	arabiensis	Moshi	Tanzania	PM	0.5	60	dead	TZ18_Plate05
EA18-0270	arabiensis	Moshi	Tanzania	PM	0.5	60	dead	TZ18_Plate05
EA18-0271	arabiensis	Moshi	Tanzania	PM	0.5	60	dead	TZ18_Plate05
EA18-0272	arabiensis	Moshi	Tanzania	PM	0.5	60	dead	TZ18_Plate05
EA18-0273	arabiensis	Moshi	Tanzania	PM	0.5	60	dead	TZ18_Plate05
EA18-0274	arabiensis	Moshi	Tanzania	PM	0.5	60	dead	TZ18_Plate05
EA18-0275	arabiensis	Moshi	Tanzania	PM	0.5	60	dead	TZ18_Plate05
EA18-0276	arabiensis	Moshi	Tanzania	PM	0.5	60	dead	TZ18_Plate05
EA18-0277	arabiensis	Moshi	Tanzania	PM	0.5	60	dead	TZ18_Plate05
EA18-0278	arabiensis	Moshi	Tanzania	PM	0.5	60	dead	TZ18_Plate05
EA18-0279	arabiensis	Moshi	Tanzania	PM	0.5	60	dead	TZ18_Plate05
EA18-0280	arabiensis	Moshi	Tanzania	PM	0.5	60	dead	TZ18_Plate05
EA18-0281	arabiensis	Moshi	Tanzania	PM	0.5	60	dead	TZ18_Plate05
EA18-0282	None	Moshi	Tanzania	PM	0.5	60	dead	TZ18_Plate05
EA18-0283	arabiensis	Moshi	Tanzania	PM	0.5	60	dead	TZ18_Plate05
EA18-0284	arabiensis	Moshi	Tanzania	PM	0.5	60	dead	TZ18_Plate05
EA18-0285	arabiensis	Moshi	Tanzania	PM	0.5	60	dead	TZ18_Plate05
EA18-0286	arabiensis	Moshi	Tanzania	PM	0.5	60	dead	TZ18_Plate05
EA18-0287	arabiensis	Moshi	Tanzania	PM	0.5	60	dead	TZ18_Plate05
EA18-0288	arabiensis	Moshi	Tanzania	PM	0.5	60	dead	TZ18_Plate05
EA18-0289	arabiensis	Moshi	Tanzania	PM	1	60	alive	TZ18_Plate06
EA18-0290	arabiensis	Moshi	Tanzania	PM	1	60	alive	TZ18_Plate06
EA18-0291	arabiensis	Moshi	Tanzania	PM	1	60	alive	TZ18_Plate06
EA18-0292	arabiensis	Moshi	Tanzania	PM	1	60	alive	TZ18_Plate06
EA18-0293	arabiensis	Moshi	Tanzania	PM	1	60	alive	TZ18_Plate06
EA18-0294	arabiensis	Moshi	Tanzania	PM	1	60	alive	TZ18_Plate06
EA18-0295	arabiensis	Moshi	Tanzania	PM	1	60	alive	TZ18_Plate06
EA18-0296	arabiensis	Moshi	Tanzania	PM	1	60	alive	TZ18_Plate06
EA18-0297	arabiensis	Moshi	Tanzania	PM	1	60	alive	TZ18_Plate06
EA18-0298	arabiensis	Moshi	Tanzania	PM	1	60	alive	TZ18_Plate06
EA18-0299	arabiensis	Moshi	Tanzania	PM	1	60	alive	TZ18_Plate06
EA18-0300	arabiensis	Moshi	Tanzania	PM	1	60	alive	TZ18_Plate06
EA18-0301	arabiensis	Moshi	Tanzania	PM	1	60	alive	TZ18_Plate06
EA18-0302	arabiensis	Moshi	Tanzania	PM	1	60	alive	TZ18_Plate06
EA18-0303	arabiensis	Moshi	Tanzania	PM	1	60	alive	TZ18_Plate06
EA18-0304	arabiensis	Moshi	Tanzania	PM	1	60	alive	TZ18_Plate06
EA18-0305	arabiensis	Moshi	Tanzania	PM	1	60	alive	TZ18_Plate06
EA18-0306	arabiensis	Moshi	Tanzania	PM	1	60	alive	TZ18_Plate06
EA18-0307	arabiensis	Moshi	Tanzania	PM	1	60	alive	TZ18_Plate06
EA18-0308	arabiensis	Moshi	Tanzania	PM	1	60	alive	TZ18_Plate06
EA18-0309	arabiensis	Moshi	Tanzania	PM	1	60	alive	TZ18_Plate06
EA18-0310	arabiensis	Moshi	Tanzania	PM	1	60	alive	TZ18_Plate06
EA18-0311	arabiensis	Moshi	Tanzania	PM	1	60	alive	TZ18_Plate06
EA18-0312	arabiensis	Moshi	Tanzania	PM	1	60	alive	TZ18_Plate06
EA18-0313	arabiensis	Moshi	Tanzania	PM	1	60	alive	TZ18_Plate06
EA18-0314	arabiensis	Moshi	Tanzania	PM	1	60	alive	TZ18_Plate06
EA18-0315	gambiae	Moshi	Tanzania	PM	1	60	alive	TZ18_Plate06
EA18-0316	arabiensis	Moshi	Tanzania	PM	1	60	alive	TZ18_Plate06
EA18-0317	arabiensis	Moshi	Tanzania	PM	1	60	alive	TZ18_Plate06
EA18-0318	arabiensis	Moshi	Tanzania	PM	1	60	alive	TZ18_Plate06
EA18-0319	arabiensis	Moshi	Tanzania	PM	1	60	alive	TZ18_Plate06
EA18-0320	arabiensis	Moshi	Tanzania	PM	1	60	alive	TZ18_Plate06
EA18-0321	arabiensis	Moshi	Tanzania	PM	1	60	alive	TZ18_Plate06
EA18-0322	arabiensis	Moshi	Tanzania	PM	1	60	alive	TZ18_Plate06
EA18-0323	gambiae	Moshi	Tanzania	PM	1	60	alive	TZ18_Plate06
EA18-0324	arabiensis	Moshi	Tanzania	PM	1	60	alive	TZ18_Plate06
EA18-0325	arabiensis	Moshi	Tanzania	PM	1	60	alive	TZ18_Plate06
EA18-0326	arabiensis	Moshi	Tanzania	PM	1	60	alive	TZ18_Plate06
EA18-0327	arabiensis	Moshi	Tanzania	PM	1	60	alive	TZ18_Plate06
EA18-0328	arabiensis	Moshi	Tanzania	PM	1	60	alive	TZ18_Plate06
EA18-0329	arabiensis	Moshi	Tanzania	PM	1	60	alive	TZ18_Plate06
EA18-0330	arabiensis	Moshi	Tanzania	PM	1	60	alive	TZ18_Plate06
EA18-0331	arabiensis	Moshi	Tanzania	PM	1	60	alive	TZ18_Plate06
EA18-0332	arabiensis	Moshi	Tanzania	PM	1	60	alive	TZ18_Plate06
EA18-0333	arabiensis	Moshi	Tanzania	PM	1	60	alive	TZ18_Plate06
EA18-0334	arabiensis	Moshi	Tanzania	PM	1	60	alive	TZ18_Plate06
EA18-0335	arabiensis	Moshi	Tanzania	PM	1	60	alive	TZ18_Plate06
EA18-0336	arabiensis	Moshi	Tanzania	PM	1	60	alive	TZ18_Plate06
EA18-0337	arabiensis	Moshi	Tanzania	PM	1	60	alive	TZ18_Plate06
EA18-0338	arabiensis	Moshi	Tanzania	PM	1	60	alive	TZ18_Plate06
EA18-0339	arabiensis	Moshi	Tanzania	PM	1	60	alive	TZ18_Plate06
EA18-0340	arabiensis	Moshi	Tanzania	PM	1	60	alive	TZ18_Plate06
EA18-0341	arabiensis	Moshi	Tanzania	PM	1	60	alive	TZ18_Plate06
EA18-0342	arabiensis	Moshi	Tanzania	PM	1	60	alive	TZ18_Plate06
EA18-0343	arabiensis	Moshi	Tanzania	PM	1	60	alive	TZ18_Plate06
EA18-0344	arabiensis	Moshi	Tanzania	PM	1	60	alive	TZ18_Plate06
EA18-0345	arabiensis	Moshi	Tanzania	PM	1	60	alive	TZ18_Plate06
EA18-0346	arabiensis	Moshi	Tanzania	PM	1	60	alive	TZ18_Plate06
EA18-0347	arabiensis	Moshi	Tanzania	PM	1	60	alive	TZ18_Plate06
EA18-0348	arabiensis	Moshi	Tanzania	PM	1	60	alive	TZ18_Plate06
EA18-0349	arabiensis	Moshi	Tanzania	PM	1	60	alive	TZ18_Plate06
EA18-0350	arabiensis	Moshi	Tanzania	PM	1	60	alive	TZ18_Plate06
EA18-0351	arabiensis	Moshi	Tanzania	PM	1	60	alive	TZ18_Plate06
EA18-0352	arabiensis	Moshi	Tanzania	PM	1	60	alive	TZ18_Plate06
EA18-0353	arabiensis	Moshi	Tanzania	PM	1	60	alive	TZ18_Plate06
EA18-0354	arabiensis	Moshi	Tanzania	PM	1	60	alive	TZ18_Plate06
EA18-0355	arabiensis	Moshi	Tanzania	PM	1	60	alive	TZ18_Plate06
EA18-0356	arabiensis	Moshi	Tanzania	PM	1	60	alive	TZ18_Plate06
EA18-0357	arabiensis	Moshi	Tanzania	PM	1	60	alive	TZ18_Plate06
EA18-0358	arabiensis	Moshi	Tanzania	PM	1	60	alive	TZ18_Plate06
EA18-0359	arabiensis	Moshi	Tanzania	PM	1	60	alive	TZ18_Plate06
EA18-0360	arabiensis	Moshi	Tanzania	PM	1	60	alive	TZ18_Plate06
EA18-0361	arabiensis	Moshi	Tanzania	PM	1	60	alive	TZ18_Plate06
EA18-0362	arabiensis	Moshi	Tanzania	PM	1	60	alive	TZ18_Plate06
EA18-0363	arabiensis	Moshi	Tanzania	PM	1	60	alive	TZ18_Plate06
EA18-0364	arabiensis	Moshi	Tanzania	PM	1	60	alive	TZ18_Plate06
EA18-0365	arabiensis	Moshi	Tanzania	PM	1	60	alive	TZ18_Plate06
EA18-0366	arabiensis	Moshi	Tanzania	PM	1	60	alive	TZ18_Plate06
EA18-0367	arabiensis	Moshi	Tanzania	PM	1	60	alive	TZ18_Plate06
EA18-0368	arabiensis	Moshi	Tanzania	PM	1	60	alive	TZ18_Plate06
EA18-0369	arabiensis	Moshi	Tanzania	PM	1	60	alive	TZ18_Plate06
EA18-0370	arabiensis	Moshi	Tanzania	PM	1	60	alive	TZ18_Plate06
EA18-0371	arabiensis	Moshi	Tanzania	PM	1	60	alive	TZ18_Plate06
EA18-0372	arabiensis	Moshi	Tanzania	PM	1	60	alive	TZ18_Plate06
EA18-0373	arabiensis	Moshi	Tanzania	PM	1	60	alive	TZ18_Plate06
EA18-0374	arabiensis	Moshi	Tanzania	PM	1	60	alive	TZ18_Plate06
EA18-0375	arabiensis	Moshi	Tanzania	PM	1	60	alive	TZ18_Plate06
EA18-0376	arabiensis	Moshi	Tanzania	PM	1	60	alive	TZ18_Plate06
EA18-0377	arabiensis	Moshi	Tanzania	PM	1	60	alive	TZ18_Plate06
EA18-0378	arabiensis	Moshi	Tanzania	PM	1	60	alive	TZ18_Plate06
EA18-0379	arabiensis	Moshi	Tanzania	PM	1	60	alive	TZ18_Plate06
EA18-0380	arabiensis	Moshi	Tanzania	PM	1	60	alive	TZ18_Plate06
EA18-0381	arabiensis	Moshi	Tanzania	PM	1	60	alive	TZ18_Plate06
EA18-0382	arabiensis	Moshi	Tanzania	PM	1	60	alive	TZ18_Plate06
EA18-0383	arabiensis	Moshi	Tanzania	PM	1	60	alive	TZ18_Plate06
EA18-0384	arabiensis	Moshi	Tanzania	PM	1	60	alive	TZ18_Plate06
EA18-0385	arabiensis	Muleba	Tanzania	Delta	0.5	60	dead	TZ18_Plate01
EA18-0386	arabiensis	Muleba	Tanzania	Delta	0.5	60	dead	TZ18_Plate01
EA18-0387	arabiensis	Muleba	Tanzania	Delta	0.5	60	dead	TZ18_Plate01
EA18-0388	arabiensis	Muleba	Tanzania	Delta	0.5	60	dead	TZ18_Plate01
EA18-0389	arabiensis	Muleba	Tanzania	Delta	0.5	60	dead	TZ18_Plate01
EA18-0390	arabiensis	Muleba	Tanzania	Delta	0.5	60	dead	TZ18_Plate01
EA18-0391	arabiensis	Muleba	Tanzania	Delta	0.5	60	dead	TZ18_Plate01
EA18-0392	arabiensis	Muleba	Tanzania	Delta	0.5	60	dead	TZ18_Plate01
EA18-0393	arabiensis	Muleba	Tanzania	Delta	0.5	60	dead	TZ18_Plate01
EA18-0394	arabiensis	Muleba	Tanzania	Delta	0.5	60	dead	TZ18_Plate01
EA18-0395	arabiensis	Muleba	Tanzania	Delta	0.5	60	dead	TZ18_Plate01
EA18-0396	arabiensis	Muleba	Tanzania	Delta	0.5	60	dead	TZ18_Plate01
EA18-0397	arabiensis	Muleba	Tanzania	Delta	0.5	60	dead	TZ18_Plate01
EA18-0398	arabiensis	Muleba	Tanzania	Delta	0.5	60	dead	TZ18_Plate01
EA18-0399	arabiensis	Muleba	Tanzania	Delta	0.5	60	dead	TZ18_Plate01
EA18-0400	arabiensis	Muleba	Tanzania	Delta	0.5	60	dead	TZ18_Plate01
EA18-0401	arabiensis	Muleba	Tanzania	Delta	0.5	60	dead	TZ18_Plate01
EA18-0402	arabiensis	Muleba	Tanzania	Delta	0.5	60	dead	TZ18_Plate01
EA18-0403	arabiensis	Muleba	Tanzania	Delta	0.5	60	dead	TZ18_Plate01
EA18-0404	arabiensis	Muleba	Tanzania	Delta	0.5	60	dead	TZ18_Plate01
EA18-0405	arabiensis	Muleba	Tanzania	Delta	0.5	60	dead	TZ18_Plate01
EA18-0406	arabiensis	Muleba	Tanzania	Delta	0.5	60	dead	TZ18_Plate01
EA18-0407	arabiensis	Muleba	Tanzania	Delta	0.5	60	dead	TZ18_Plate01
EA18-0408	arabiensis	Muleba	Tanzania	Delta	0.5	60	dead	TZ18_Plate01
EA18-0409	arabiensis	Muleba	Tanzania	Delta	0.5	60	dead	TZ18_Plate01
EA18-0410	arabiensis	Muleba	Tanzania	Delta	0.5	60	dead	TZ18_Plate01
EA18-0411	arabiensis	Muleba	Tanzania	Delta	0.5	60	dead	TZ18_Plate01
EA18-0412	arabiensis	Muleba	Tanzania	Delta	0.5	60	dead	TZ18_Plate01
EA18-0413	arabiensis	Muleba	Tanzania	Delta	0.5	60	dead	TZ18_Plate01
EA18-0414	arabiensis	Muleba	Tanzania	Delta	0.5	60	dead	TZ18_Plate01
EA18-0415	arabiensis	Muleba	Tanzania	Delta	0.5	60	dead	TZ18_Plate01
EA18-0416	arabiensis	Muleba	Tanzania	Delta	0.5	60	dead	TZ18_Plate01
EA18-0417	arabiensis	Muleba	Tanzania	Delta	0.5	60	dead	TZ18_Plate01
EA18-0418	arabiensis	Muleba	Tanzania	Delta	0.5	60	dead	TZ18_Plate01
EA18-0419	arabiensis	Muleba	Tanzania	Delta	0.5	60	dead	TZ18_Plate01
EA18-0420	arabiensis	Muleba	Tanzania	Delta	0.5	60	dead	TZ18_Plate01
EA18-0421	arabiensis	Muleba	Tanzania	Delta	0.5	60	dead	TZ18_Plate01
EA18-0422	arabiensis	Muleba	Tanzania	Delta	0.5	60	dead	TZ18_Plate01
EA18-0423	arabiensis	Muleba	Tanzania	Delta	0.5	60	dead	TZ18_Plate01
EA18-0424	arabiensis	Muleba	Tanzania	Delta	0.5	60	dead	TZ18_Plate01
EA18-0425	arabiensis	Muleba	Tanzania	Delta	0.5	60	dead	TZ18_Plate01
EA18-0426	arabiensis	Muleba	Tanzania	Delta	0.5	60	dead	TZ18_Plate01
EA18-0427	arabiensis	Muleba	Tanzania	Delta	0.5	60	dead	TZ18_Plate01
EA18-0428	arabiensis	Muleba	Tanzania	Delta	0.5	60	dead	TZ18_Plate01
EA18-0429	arabiensis	Muleba	Tanzania	Delta	0.5	60	dead	TZ18_Plate01
EA18-0430	arabiensis	Muleba	Tanzania	Delta	0.5	60	dead	TZ18_Plate01
EA18-0431	arabiensis	Muleba	Tanzania	Delta	0.5	60	dead	TZ18_Plate01
EA18-0432	arabiensis	Muleba	Tanzania	Delta	0.5	60	dead	TZ18_Plate01
EA18-0433	arabiensis	Muleba	Tanzania	Delta	0.5	60	dead	TZ18_Plate01
EA18-0434	arabiensis	Muleba	Tanzania	Delta	0.5	60	dead	TZ18_Plate01
EA18-0435	arabiensis	Muleba	Tanzania	Delta	0.5	60	dead	TZ18_Plate01
EA18-0436	arabiensis	Muleba	Tanzania	Delta	0.5	60	dead	TZ18_Plate01
EA18-0437	arabiensis	Muleba	Tanzania	Delta	0.5	60	dead	TZ18_Plate01
EA18-0438	arabiensis	Muleba	Tanzania	Delta	0.5	60	dead	TZ18_Plate01
EA18-0439	arabiensis	Muleba	Tanzania	Delta	0.5	60	dead	TZ18_Plate01
EA18-0440	arabiensis	Muleba	Tanzania	Delta	0.5	60	dead	TZ18_Plate01
EA18-0441	arabiensis	Muleba	Tanzania	Delta	0.5	60	dead	TZ18_Plate01
EA18-0442	arabiensis	Muleba	Tanzania	Delta	0.5	60	dead	TZ18_Plate01
EA18-0443	arabiensis	Muleba	Tanzania	Delta	0.5	60	dead	TZ18_Plate01
EA18-0444	arabiensis	Muleba	Tanzania	Delta	0.5	60	dead	TZ18_Plate01
EA18-0445	arabiensis	Muleba	Tanzania	Delta	0.5	60	dead	TZ18_Plate01
EA18-0446	arabiensis	Muleba	Tanzania	Delta	0.5	60	dead	TZ18_Plate01
EA18-0447	arabiensis	Muleba	Tanzania	Delta	0.5	60	dead	TZ18_Plate01
EA18-0448	arabiensis	Muleba	Tanzania	Delta	0.5	60	dead	TZ18_Plate01
EA18-0449	arabiensis	Muleba	Tanzania	Delta	0.5	60	dead	TZ18_Plate01
EA18-0450	arabiensis	Muleba	Tanzania	Delta	0.5	60	dead	TZ18_Plate01
EA18-0451	arabiensis	Muleba	Tanzania	Delta	0.5	60	dead	TZ18_Plate01
EA18-0452	arabiensis	Muleba	Tanzania	Delta	0.5	60	dead	TZ18_Plate01
EA18-0453	arabiensis	Muleba	Tanzania	Delta	0.5	60	dead	TZ18_Plate01
EA18-0454	arabiensis	Muleba	Tanzania	Delta	0.5	60	dead	TZ18_Plate01
EA18-0455	arabiensis	Muleba	Tanzania	Delta	0.5	60	dead	TZ18_Plate01
EA18-0456	arabiensis	Muleba	Tanzania	Delta	0.5	60	dead	TZ18_Plate01
EA18-0457	arabiensis	Muleba	Tanzania	Delta	0.5	60	dead	TZ18_Plate01
EA18-0458	arabiensis	Muleba	Tanzania	Delta	0.5	60	dead	TZ18_Plate01
EA18-0459	arabiensis	Muleba	Tanzania	Delta	0.5	60	dead	TZ18_Plate01
EA18-0460	arabiensis	Muleba	Tanzania	Delta	0.5	60	dead	TZ18_Plate01
EA18-0461	arabiensis	Muleba	Tanzania	Delta	0.5	60	dead	TZ18_Plate01
EA18-0462	arabiensis	Muleba	Tanzania	Delta	0.5	60	dead	TZ18_Plate01
EA18-0463	arabiensis	Muleba	Tanzania	Delta	0.5	60	dead	TZ18_Plate01
EA18-0464	arabiensis	Muleba	Tanzania	Delta	0.5	60	dead	TZ18_Plate01
EA18-0465	arabiensis	Muleba	Tanzania	Delta	0.5	60	dead	TZ18_Plate01
EA18-0466	arabiensis	Muleba	Tanzania	Delta	0.5	60	dead	TZ18_Plate01
EA18-0467	arabiensis	Muleba	Tanzania	Delta	0.5	60	dead	TZ18_Plate01
EA18-0468	arabiensis	Muleba	Tanzania	Delta	0.5	60	dead	TZ18_Plate01
EA18-0469	arabiensis	Muleba	Tanzania	Delta	0.5	60	dead	TZ18_Plate01
EA18-0470	arabiensis	Muleba	Tanzania	Delta	0.5	60	dead	TZ18_Plate01
EA18-0471	arabiensis	Muleba	Tanzania	Delta	0.5	60	dead	TZ18_Plate01
EA18-0472	arabiensis	Muleba	Tanzania	Delta	0.5	60	dead	TZ18_Plate01
EA18-0473	arabiensis	Muleba	Tanzania	Delta	0.5	60	dead	TZ18_Plate01
EA18-0474	arabiensis	Muleba	Tanzania	Delta	0.5	60	dead	TZ18_Plate01
EA18-0475	arabiensis	Muleba	Tanzania	Delta	0.5	60	dead	TZ18_Plate01
EA18-0476	arabiensis	Muleba	Tanzania	Delta	0.5	60	dead	TZ18_Plate01
EA18-0477	arabiensis	Muleba	Tanzania	Delta	0.5	60	dead	TZ18_Plate01
EA18-0478	arabiensis	Muleba	Tanzania	Delta	0.5	60	dead	TZ18_Plate01
EA18-0479	arabiensis	Muleba	Tanzania	Delta	0.5	60	dead	TZ18_Plate01
EA18-0480	arabiensis	Muleba	Tanzania	Delta	0.5	60	dead	TZ18_Plate01
EA18-0481	arabiensis	Muleba	Tanzania	Delta	1	60	alive	TZ18_Plate02
EA18-0482	arabiensis	Muleba	Tanzania	Delta	1	60	alive	TZ18_Plate02
EA18-0483	arabiensis	Muleba	Tanzania	Delta	1	60	alive	TZ18_Plate02
EA18-0484	arabiensis	Muleba	Tanzania	Delta	1	60	alive	TZ18_Plate02
EA18-0485	arabiensis	Muleba	Tanzania	Delta	1	60	alive	TZ18_Plate02
EA18-0486	arabiensis	Muleba	Tanzania	Delta	1	60	alive	TZ18_Plate02
EA18-0487	arabiensis	Muleba	Tanzania	Delta	1	60	alive	TZ18_Plate02
EA18-0488	arabiensis	Muleba	Tanzania	Delta	1	60	alive	TZ18_Plate02
EA18-0489	arabiensis	Muleba	Tanzania	Delta	1	60	alive	TZ18_Plate02
EA18-0490	arabiensis	Muleba	Tanzania	Delta	1	60	alive	TZ18_Plate02
EA18-0491	arabiensis	Muleba	Tanzania	Delta	1	60	alive	TZ18_Plate02
EA18-0492	arabiensis	Muleba	Tanzania	Delta	1	60	alive	TZ18_Plate02
EA18-0493	arabiensis	Muleba	Tanzania	Delta	1	60	alive	TZ18_Plate02
EA18-0494	arabiensis	Muleba	Tanzania	Delta	1	60	alive	TZ18_Plate02
EA18-0495	arabiensis	Muleba	Tanzania	Delta	1	60	alive	TZ18_Plate02
EA18-0496	arabiensis	Muleba	Tanzania	Delta	1	60	alive	TZ18_Plate02
EA18-0497	arabiensis	Muleba	Tanzania	Delta	1	60	alive	TZ18_Plate02
EA18-0498	arabiensis	Muleba	Tanzania	Delta	1	60	alive	TZ18_Plate02
EA18-0499	arabiensis	Muleba	Tanzania	Delta	1	60	alive	TZ18_Plate02
EA18-0500	arabiensis	Muleba	Tanzania	Delta	1	60	alive	TZ18_Plate02
EA18-0501	arabiensis	Muleba	Tanzania	Delta	1	60	alive	TZ18_Plate02
EA18-0502	arabiensis	Muleba	Tanzania	Delta	1	60	alive	TZ18_Plate02
EA18-0503	arabiensis	Muleba	Tanzania	Delta	1	60	alive	TZ18_Plate02
EA18-0504	arabiensis	Muleba	Tanzania	Delta	1	60	alive	TZ18_Plate02
EA18-0505	arabiensis	Muleba	Tanzania	Delta	1	60	alive	TZ18_Plate02
EA18-0506	arabiensis	Muleba	Tanzania	Delta	1	60	alive	TZ18_Plate02
EA18-0507	arabiensis	Muleba	Tanzania	Delta	1	60	alive	TZ18_Plate02
EA18-0508	arabiensis	Muleba	Tanzania	Delta	1	60	alive	TZ18_Plate02
EA18-0509	arabiensis	Muleba	Tanzania	Delta	1	60	alive	TZ18_Plate02
EA18-0510	arabiensis	Muleba	Tanzania	Delta	1	60	alive	TZ18_Plate02
EA18-0511	arabiensis	Muleba	Tanzania	Delta	1	60	alive	TZ18_Plate02
EA18-0512	arabiensis	Muleba	Tanzania	Delta	1	60	alive	TZ18_Plate02
EA18-0513	arabiensis	Muleba	Tanzania	Delta	1	60	alive	TZ18_Plate02
EA18-0514	arabiensis	Muleba	Tanzania	Delta	1	60	alive	TZ18_Plate02
EA18-0515	arabiensis	Muleba	Tanzania	Delta	1	60	alive	TZ18_Plate02
EA18-0516	arabiensis	Muleba	Tanzania	Delta	1	60	alive	TZ18_Plate02
EA18-0517	arabiensis	Muleba	Tanzania	Delta	1	60	alive	TZ18_Plate02
EA18-0518	arabiensis	Muleba	Tanzania	Delta	1	60	alive	TZ18_Plate02
EA18-0519	arabiensis	Muleba	Tanzania	Delta	1	60	alive	TZ18_Plate02
EA18-0520	arabiensis	Muleba	Tanzania	Delta	1	60	alive	TZ18_Plate02
EA18-0521	arabiensis	Muleba	Tanzania	Delta	1	60	alive	TZ18_Plate02
EA18-0522	arabiensis	Muleba	Tanzania	Delta	1	60	alive	TZ18_Plate02
EA18-0523	arabiensis	Muleba	Tanzania	Delta	1	60	alive	TZ18_Plate02
EA18-0524	arabiensis	Muleba	Tanzania	Delta	1	60	alive	TZ18_Plate02
EA18-0525	arabiensis	Muleba	Tanzania	Delta	1	60	alive	TZ18_Plate02
EA18-0526	arabiensis	Muleba	Tanzania	Delta	1	60	alive	TZ18_Plate02
EA18-0527	arabiensis	Muleba	Tanzania	Delta	1	60	alive	TZ18_Plate02
EA18-0528	arabiensis	Muleba	Tanzania	Delta	1	60	alive	TZ18_Plate02
EA18-0529	arabiensis	Muleba	Tanzania	Delta	1	60	alive	TZ18_Plate02
EA18-0530	arabiensis	Muleba	Tanzania	Delta	1	60	alive	TZ18_Plate02
EA18-0531	arabiensis	Muleba	Tanzania	Delta	1	60	alive	TZ18_Plate02
EA18-0532	arabiensis	Muleba	Tanzania	Delta	1	60	alive	TZ18_Plate02
EA18-0533	arabiensis	Muleba	Tanzania	Delta	1	60	alive	TZ18_Plate02
EA18-0534	arabiensis	Muleba	Tanzania	Delta	1	60	alive	TZ18_Plate02
EA18-0535	arabiensis	Muleba	Tanzania	Delta	1	60	alive	TZ18_Plate02
EA18-0536	arabiensis	Muleba	Tanzania	Delta	1	60	alive	TZ18_Plate02
EA18-0537	arabiensis	Muleba	Tanzania	Delta	1	60	alive	TZ18_Plate02
EA18-0538	arabiensis	Muleba	Tanzania	Delta	1	60	alive	TZ18_Plate02
EA18-0539	arabiensis	Muleba	Tanzania	Delta	1	60	alive	TZ18_Plate02
EA18-0540	arabiensis	Muleba	Tanzania	Delta	1	60	alive	TZ18_Plate02
EA18-0541	arabiensis	Muleba	Tanzania	Delta	1	60	alive	TZ18_Plate02
EA18-0542	arabiensis	Muleba	Tanzania	Delta	1	60	alive	TZ18_Plate02
EA18-0543	arabiensis	Muleba	Tanzania	Delta	1	60	alive	TZ18_Plate02
EA18-0544	arabiensis	Muleba	Tanzania	Delta	1	60	alive	TZ18_Plate02
EA18-0545	arabiensis	Muleba	Tanzania	Delta	1	60	alive	TZ18_Plate02
EA18-0546	arabiensis	Muleba	Tanzania	Delta	1	60	alive	TZ18_Plate02
EA18-0547	arabiensis	Muleba	Tanzania	Delta	1	60	alive	TZ18_Plate02
EA18-0548	arabiensis	Muleba	Tanzania	Delta	1	60	alive	TZ18_Plate02
EA18-0549	arabiensis	Muleba	Tanzania	Delta	1	60	alive	TZ18_Plate02
EA18-0550	arabiensis	Muleba	Tanzania	Delta	1	60	alive	TZ18_Plate02
EA18-0551	arabiensis	Muleba	Tanzania	Delta	1	60	alive	TZ18_Plate02
EA18-0552	arabiensis	Muleba	Tanzania	Delta	1	60	alive	TZ18_Plate02
EA18-0553	arabiensis	Muleba	Tanzania	Delta	1	60	alive	TZ18_Plate02
EA18-0554	arabiensis	Muleba	Tanzania	Delta	1	60	alive	TZ18_Plate02
EA18-0555	arabiensis	Muleba	Tanzania	Delta	1	60	alive	TZ18_Plate02
EA18-0556	arabiensis	Muleba	Tanzania	Delta	1	60	alive	TZ18_Plate02
EA18-0557	arabiensis	Muleba	Tanzania	Delta	1	60	alive	TZ18_Plate02
EA18-0558	arabiensis	Muleba	Tanzania	Delta	1	60	alive	TZ18_Plate02
EA18-0559	arabiensis	Muleba	Tanzania	Delta	1	60	alive	TZ18_Plate02
EA18-0560	arabiensis	Muleba	Tanzania	Delta	1	60	alive	TZ18_Plate02
EA18-0561	arabiensis	Muleba	Tanzania	Delta	1	60	alive	TZ18_Plate02
EA18-0562	arabiensis	Muleba	Tanzania	Delta	1	60	alive	TZ18_Plate02
EA18-0563	arabiensis	Muleba	Tanzania	Delta	1	60	alive	TZ18_Plate02
EA18-0564	arabiensis	Muleba	Tanzania	Delta	1	60	alive	TZ18_Plate02
EA18-0565	arabiensis	Muleba	Tanzania	Delta	1	60	alive	TZ18_Plate02
EA18-0566	arabiensis	Muleba	Tanzania	Delta	1	60	alive	TZ18_Plate02
EA18-0567	arabiensis	Muleba	Tanzania	Delta	1	60	alive	TZ18_Plate02
EA18-0568	arabiensis	Muleba	Tanzania	Delta	1	60	alive	TZ18_Plate02
EA18-0569	arabiensis	Muleba	Tanzania	Delta	1	60	alive	TZ18_Plate02
EA18-0570	arabiensis	Muleba	Tanzania	Delta	1	60	alive	TZ18_Plate02
EA18-0571	arabiensis	Muleba	Tanzania	Delta	1	60	alive	TZ18_Plate02
EA18-0572	arabiensis	Muleba	Tanzania	Delta	1	60	alive	TZ18_Plate02
EA18-0573	arabiensis	Muleba	Tanzania	Delta	1	60	alive	TZ18_Plate02
EA18-0574	arabiensis	Muleba	Tanzania	Delta	1	60	alive	TZ18_Plate02
EA18-0575	arabiensis	Muleba	Tanzania	Delta	1	60	alive	TZ18_Plate02
EA18-0576	arabiensis	Muleba	Tanzania	Delta	1	60	alive	TZ18_Plate02
EA18-0577	arabiensis	Teso	Kenya	Delta	0.5	60	dead	KN18_Plate01
EA18-0578	gambiae	Teso	Kenya	Delta	0.5	60	dead	KN18_Plate01
EA18-0579	arabiensis	Teso	Kenya	Delta	0.5	60	dead	KN18_Plate01
EA18-0580	arabiensis	Teso	Kenya	Delta	0.5	60	dead	KN18_Plate01
EA18-0581	arabiensis	Teso	Kenya	Delta	0.5	60	dead	KN18_Plate01
EA18-0582	arabiensis	Teso	Kenya	Delta	0.5	60	dead	KN18_Plate01
EA18-0583	gambiae	Teso	Kenya	Delta	0.5	60	dead	KN18_Plate01
EA18-0584	arabiensis	Teso	Kenya	Delta	0.5	60	dead	KN18_Plate01
EA18-0585	arabiensis	Teso	Kenya	Delta	0.5	60	dead	KN18_Plate01
EA18-0586	arabiensis	Teso	Kenya	Delta	0.5	60	dead	KN18_Plate01
EA18-0587	arabiensis	Teso	Kenya	Delta	0.5	60	dead	KN18_Plate01
EA18-0588	arabiensis	Teso	Kenya	Delta	0.5	60	dead	KN18_Plate01
EA18-0589	arabiensis	Teso	Kenya	Delta	0.5	60	dead	KN18_Plate01
EA18-0590	arabiensis	Teso	Kenya	Delta	0.5	60	dead	KN18_Plate01
EA18-0591	arabiensis	Teso	Kenya	Delta	0.5	60	dead	KN18_Plate01
EA18-0592		Teso	Kenya	Delta	0.5	60	dead	KN18_Plate01
EA18-0593		Teso	Kenya	Delta	0.5	60	dead	KN18_Plate01
EA18-0594	arabiensis	Teso	Kenya	Delta	0.5	60	dead	KN18_Plate01
EA18-0595	arabiensis	Teso	Kenya	Delta	0.5	60	dead	KN18_Plate01
EA18-0596	arabiensis	Teso	Kenya	Delta	0.5	60	dead	KN18_Plate01
EA18-0597	arabiensis	Teso	Kenya	Delta	0.5	60	dead	KN18_Plate01
EA18-0598		Teso	Kenya	Delta	0.5	60	dead	KN18_Plate01
EA18-0599	arabiensis	Teso	Kenya	Delta	0.5	60	dead	KN18_Plate01
EA18-0600	arabiensis	Teso	Kenya	Delta	0.5	60	dead	KN18_Plate01
EA18-0601	arabiensis	Teso	Kenya	Delta	0.5	60	dead	KN18_Plate01
EA18-0602	arabiensis	Teso	Kenya	Delta	0.5	60	dead	KN18_Plate01
EA18-0603	arabiensis	Teso	Kenya	Delta	0.5	60	dead	KN18_Plate01
EA18-0604	arabiensis	Teso	Kenya	Delta	0.5	60	dead	KN18_Plate01
EA18-0605	arabiensis	Teso	Kenya	Delta	0.5	60	dead	KN18_Plate01
EA18-0606	arabiensis	Teso	Kenya	Delta	0.5	60	dead	KN18_Plate01
EA18-0607	arabiensis	Teso	Kenya	Delta	0.5	60	dead	KN18_Plate01
EA18-0608	gambiae	Teso	Kenya	Delta	0.5	60	dead	KN18_Plate01
EA18-0609	arabiensis	Teso	Kenya	Delta	0.5	60	dead	KN18_Plate01
EA18-0610	arabiensis	Teso	Kenya	Delta	0.5	60	dead	KN18_Plate01
EA18-0611	arabiensis	Teso	Kenya	Delta	0.5	60	dead	KN18_Plate01
EA18-0612	arabiensis	Teso	Kenya	Delta	0.5	60	dead	KN18_Plate01
EA18-0613	arabiensis	Teso	Kenya	Delta	0.5	60	dead	KN18_Plate01
EA18-0614	arabiensis	Teso	Kenya	Delta	0.5	60	dead	KN18_Plate01
EA18-0615	gambiae	Teso	Kenya	Delta	0.5	60	dead	KN18_Plate01
EA18-0616	arabiensis	Teso	Kenya	Delta	0.5	60	dead	KN18_Plate01
EA18-0617	gambiae	Teso	Kenya	Delta	0.5	60	dead	KN18_Plate01
EA18-0618	arabiensis	Teso	Kenya	Delta	0.5	60	dead	KN18_Plate01
EA18-0619	arabiensis	Teso	Kenya	Delta	0.5	60	dead	KN18_Plate01
EA18-0620	arabiensis	Teso	Kenya	Delta	0.5	60	dead	KN18_Plate01
EA18-0621	arabiensis	Teso	Kenya	Delta	0.5	60	dead	KN18_Plate01
EA18-0622		Teso	Kenya	Delta	0.5	60	dead	KN18_Plate01
EA18-0623	arabiensis	Teso	Kenya	Delta	0.5	60	dead	KN18_Plate01
EA18-0624	gambiae	Teso	Kenya	Delta	0.5	60	dead	KN18_Plate01
EA18-0625	gambiae	Teso	Kenya	Delta	0.5	60	dead	KN18_Plate01
EA18-0626	gambiae	Teso	Kenya	Delta	0.5	60	dead	KN18_Plate01
EA18-0627		Teso	Kenya	Delta	0.5	60	dead	KN18_Plate01
EA18-0628	arabiensis	Teso	Kenya	Delta	0.5	60	dead	KN18_Plate01
EA18-0629	arabiensis	Teso	Kenya	Delta	0.5	60	dead	KN18_Plate01
EA18-0630	gambiae	Teso	Kenya	Delta	0.5	60	dead	KN18_Plate01
EA18-0631	arabiensis	Teso	Kenya	Delta	0.5	60	dead	KN18_Plate01
EA18-0632	arabiensis	Teso	Kenya	Delta	0.5	60	dead	KN18_Plate01
EA18-0633	gambiae	Teso	Kenya	Delta	0.5	60	dead	KN18_Plate01
EA18-0634	arabiensis	Teso	Kenya	Delta	0.5	60	dead	KN18_Plate01
EA18-0635	gambiae	Teso	Kenya	Delta	0.5	60	dead	KN18_Plate01
EA18-0636	arabiensis	Teso	Kenya	Delta	0.5	60	dead	KN18_Plate01
EA18-0637	arabiensis	Teso	Kenya	Delta	0.5	60	dead	KN18_Plate01
EA18-0638	arabiensis	Teso	Kenya	Delta	0.5	60	dead	KN18_Plate01
EA18-0639	arabiensis	Teso	Kenya	Delta	0.5	60	dead	KN18_Plate01
EA18-0640	arabiensis	Teso	Kenya	Delta	0.5	60	dead	KN18_Plate01
EA18-0641	arabiensis	Teso	Kenya	Delta	0.5	60	dead	KN18_Plate01
EA18-0642	arabiensis	Teso	Kenya	Delta	0.5	60	dead	KN18_Plate01
EA18-0643	gambiae	Teso	Kenya	Delta	0.5	60	dead	KN18_Plate01
EA18-0644	arabiensis	Teso	Kenya	Delta	0.5	60	dead	KN18_Plate01
EA18-0645	gambiae	Teso	Kenya	Delta	0.5	60	dead	KN18_Plate01
EA18-0646	gambiae	Teso	Kenya	Delta	0.5	60	dead	KN18_Plate01
EA18-0647	arabiensis	Teso	Kenya	Delta	0.5	60	dead	KN18_Plate01
EA18-0648	gambiae	Teso	Kenya	Delta	0.5	60	dead	KN18_Plate01
EA18-0649	arabiensis	Teso	Kenya	Delta	0.5	60	dead	KN18_Plate01
EA18-0650	gambiae	Teso	Kenya	Delta	0.5	60	dead	KN18_Plate01
EA18-0651	arabiensis	Teso	Kenya	Delta	0.5	60	dead	KN18_Plate01
EA18-0652	arabiensis	Teso	Kenya	Delta	0.5	60	dead	KN18_Plate01
EA18-0653	arabiensis	Teso	Kenya	Delta	0.5	60	dead	KN18_Plate01
EA18-0654	gambiae	Teso	Kenya	Delta	0.5	60	dead	KN18_Plate01
EA18-0655	gambiae	Teso	Kenya	Delta	0.5	60	dead	KN18_Plate01
EA18-0656	arabiensis	Teso	Kenya	Delta	0.5	60	dead	KN18_Plate01
EA18-0657	arabiensis	Teso	Kenya	Delta	0.5	60	dead	KN18_Plate01
EA18-0658	gambiae	Teso	Kenya	Delta	0.5	60	dead	KN18_Plate01
EA18-0659	arabiensis	Teso	Kenya	Delta	0.5	60	dead	KN18_Plate01
EA18-0660	arabiensis	Teso	Kenya	Delta	0.5	60	dead	KN18_Plate01
EA18-0661	arabiensis	Teso	Kenya	Delta	0.5	60	dead	KN18_Plate01
EA18-0662	arabiensis	Teso	Kenya	Delta	0.5	60	dead	KN18_Plate01
EA18-0663	gambiae	Teso	Kenya	Delta	0.5	60	dead	KN18_Plate01
EA18-0664	gambiae	Teso	Kenya	Delta	0.5	60	dead	KN18_Plate01
EA18-0665	arabiensis	Teso	Kenya	Delta	0.5	60	dead	KN18_Plate01
EA18-0666	arabiensis	Teso	Kenya	Delta	0.5	60	dead	KN18_Plate01
EA18-0667	arabiensis	Teso	Kenya	Delta	0.5	60	dead	KN18_Plate01
EA18-0668	arabiensis	Teso	Kenya	Delta	0.5	60	dead	KN18_Plate01
EA18-0669	arabiensis	Teso	Kenya	Delta	0.5	60	dead	KN18_Plate01
EA18-0670	arabiensis	Teso	Kenya	Delta	0.5	60	dead	KN18_Plate01
EA18-0671	arabiensis	Teso	Kenya	Delta	0.5	60	dead	KN18_Plate01
EA18-0672	gambiae	Teso	Kenya	Delta	0.5	60	dead	KN18_Plate01
EA18-0673		Teso	Kenya	Delta	2	60	alive	KN18_Plate02
EA18-0674		Teso	Kenya	Delta	2	60	alive	KN18_Plate02
EA18-0675	arabiensis	Teso	Kenya	Delta	2	60	alive	KN18_Plate02
EA18-0676		Teso	Kenya	Delta	2	60	alive	KN18_Plate02
EA18-0677		Teso	Kenya	Delta	2	60	alive	KN18_Plate02
EA18-0678		Teso	Kenya	Delta	2	60	alive	KN18_Plate02
EA18-0679		Teso	Kenya	Delta	2	60	alive	KN18_Plate02
EA18-0680	gambiae	Teso	Kenya	Delta	2	60	alive	KN18_Plate02
EA18-0681		Teso	Kenya	Delta	2	60	alive	KN18_Plate02
EA18-0682		Teso	Kenya	Delta	2	60	alive	KN18_Plate02
EA18-0683		Teso	Kenya	Delta	2	60	alive	KN18_Plate02
EA18-0684		Teso	Kenya	Delta	2	60	alive	KN18_Plate02
EA18-0685		Teso	Kenya	Delta	2	60	alive	KN18_Plate02
EA18-0686		Teso	Kenya	Delta	2	60	alive	KN18_Plate02
EA18-0687		Teso	Kenya	Delta	2	60	alive	KN18_Plate02
EA18-0688		Teso	Kenya	Delta	2	60	alive	KN18_Plate02
EA18-0689		Teso	Kenya	Delta	2	60	alive	KN18_Plate02
EA18-0690		Teso	Kenya	Delta	2	60	alive	KN18_Plate02
EA18-0691		Teso	Kenya	Delta	2	60	alive	KN18_Plate02
EA18-0692		Teso	Kenya	Delta	2	60	alive	KN18_Plate02
EA18-0693		Teso	Kenya	Delta	2	60	alive	KN18_Plate02
EA18-0694		Teso	Kenya	Delta	2	60	alive	KN18_Plate02
EA18-0695		Teso	Kenya	Delta	2	60	alive	KN18_Plate02
EA18-0696		Teso	Kenya	Delta	2	60	alive	KN18_Plate02
EA18-0697		Teso	Kenya	Delta	2	60	alive	KN18_Plate02
EA18-0698		Teso	Kenya	Delta	2	60	alive	KN18_Plate02
EA18-0699		Teso	Kenya	Delta	2	60	alive	KN18_Plate02
EA18-0700		Teso	Kenya	Delta	2	60	alive	KN18_Plate02
EA18-0701		Teso	Kenya	Delta	2	60	alive	KN18_Plate02
EA18-0702		Teso	Kenya	Delta	2	60	alive	KN18_Plate02
EA18-0703		Teso	Kenya	Delta	2	60	alive	KN18_Plate02
EA18-0704		Teso	Kenya	Delta	2	60	alive	KN18_Plate02
EA18-0705		Teso	Kenya	Delta	2	60	alive	KN18_Plate02
EA18-0706		Teso	Kenya	Delta	2	60	alive	KN18_Plate02
EA18-0707		Teso	Kenya	Delta	2	60	alive	KN18_Plate02
EA18-0708		Teso	Kenya	Delta	2	60	alive	KN18_Plate02
EA18-0709		Teso	Kenya	Delta	2	60	alive	KN18_Plate02
EA18-0710		Teso	Kenya	Delta	2	60	alive	KN18_Plate02
EA18-0711		Teso	Kenya	Delta	2	60	alive	KN18_Plate02
EA18-0712		Teso	Kenya	Delta	2	60	alive	KN18_Plate02
EA18-0713		Teso	Kenya	Delta	2	60	alive	KN18_Plate02
EA18-0714		Teso	Kenya	Delta	2	60	alive	KN18_Plate02
EA18-0715		Teso	Kenya	Delta	2	60	alive	KN18_Plate02
EA18-0716		Teso	Kenya	Delta	2	60	alive	KN18_Plate02
EA18-0717		Teso	Kenya	Delta	2	60	alive	KN18_Plate02
EA18-0718		Teso	Kenya	Delta	2	60	alive	KN18_Plate02
EA18-0719		Teso	Kenya	Delta	2	60	alive	KN18_Plate02
EA18-0720		Teso	Kenya	Delta	2	60	alive	KN18_Plate02
EA18-0721		Teso	Kenya	Delta	2	60	alive	KN18_Plate02
EA18-0722		Teso	Kenya	Delta	2	60	alive	KN18_Plate02
EA18-0723		Teso	Kenya	Delta	2	60	alive	KN18_Plate02
EA18-0724		Teso	Kenya	Delta	2	60	alive	KN18_Plate02
EA18-0725	gambiae	Teso	Kenya	Delta	2	60	alive	KN18_Plate02
EA18-0726		Teso	Kenya	Delta	2	60	alive	KN18_Plate02
EA18-0727		Teso	Kenya	Delta	2	60	alive	KN18_Plate02
EA18-0728		Teso	Kenya	Delta	2	60	alive	KN18_Plate02
EA18-0729	gambiae	Teso	Kenya	Delta	2	60	alive	KN18_Plate02
EA18-0730		Teso	Kenya	Delta	2	60	alive	KN18_Plate02
EA18-0731		Teso	Kenya	Delta	2	60	alive	KN18_Plate02
EA18-0732	gambiae	Teso	Kenya	Delta	2	60	alive	KN18_Plate02
EA18-0733	gambiae	Teso	Kenya	Delta	2	60	alive	KN18_Plate02
EA18-0734		Teso	Kenya	Delta	2	60	alive	KN18_Plate02
EA18-0735		Teso	Kenya	Delta	2	60	alive	KN18_Plate02
EA18-0736		Teso	Kenya	Delta	2	60	alive	KN18_Plate02
EA18-0737		Teso	Kenya	Delta	2	60	alive	KN18_Plate02
EA18-0738		Teso	Kenya	Delta	2	60	alive	KN18_Plate02
EA18-0739		Teso	Kenya	Delta	2	60	alive	KN18_Plate02
EA18-0740		Teso	Kenya	Delta	2	60	alive	KN18_Plate02
EA18-0741		Teso	Kenya	Delta	2	60	alive	KN18_Plate02
EA18-0742		Teso	Kenya	Delta	2	60	alive	KN18_Plate02
EA18-0743		Teso	Kenya	Delta	2	60	alive	KN18_Plate02
EA18-0744	gambiae	Teso	Kenya	Delta	2	60	alive	KN18_Plate02
EA18-0745		Teso	Kenya	Delta	2	60	alive	KN18_Plate02
EA18-0746		Teso	Kenya	Delta	2	60	alive	KN18_Plate02
EA18-0747		Teso	Kenya	Delta	2	60	alive	KN18_Plate02
EA18-0748		Teso	Kenya	Delta	2	60	alive	KN18_Plate02
EA18-0749		Teso	Kenya	Delta	2	60	alive	KN18_Plate02
EA18-0750		Teso	Kenya	Delta	2	60	alive	KN18_Plate02
EA18-0751		Teso	Kenya	Delta	2	60	alive	KN18_Plate02
EA18-0752		Teso	Kenya	Delta	2	60	alive	KN18_Plate02
EA18-0753	gambiae	Teso	Kenya	Delta	2	60	alive	KN18_Plate02
EA18-0754		Teso	Kenya	Delta	2	60	alive	KN18_Plate02
EA18-0755		Teso	Kenya	Delta	2	60	alive	KN18_Plate02
EA18-0756	gambiae	Teso	Kenya	Delta	2	60	alive	KN18_Plate02
EA18-0757		Teso	Kenya	Delta	2	60	alive	KN18_Plate02
EA18-0758		Teso	Kenya	Delta	2	60	alive	KN18_Plate02
EA18-0759	gambiae	Teso	Kenya	Delta	2	60	alive	KN18_Plate02
EA18-0760		Teso	Kenya	Delta	2	60	alive	KN18_Plate02
EA18-0761	gambiae	Teso	Kenya	Delta	2	60	alive	KN18_Plate02
EA18-0762	gambiae	Teso	Kenya	Delta	2	60	alive	KN18_Plate02
EA18-0763		Teso	Kenya	Delta	2	60	alive	KN18_Plate02
EA18-0764	gambiae	Teso	Kenya	Delta	2	60	alive	KN18_Plate02
EA18-0765		Teso	Kenya	Delta	2	60	alive	KN18_Plate02
EA18-0766		Teso	Kenya	Delta	2	60	alive	KN18_Plate02
EA18-0767		Teso	Kenya	Delta	2	60	alive	KN18_Plate02
EA18-0768		Teso	Kenya	Delta	2	60	alive	KN18_Plate02
EA18-0769		Teso	Kenya	Delta	2	60	alive	KN18_Plate03
EA18-0770	gambiae	Teso	Kenya	Delta	2	60	alive	KN18_Plate03
EA18-0771	gambiae	Teso	Kenya	Delta	2	60	alive	KN18_Plate03
EA18-0772	gambiae	Teso	Kenya	Delta	2	60	alive	KN18_Plate03
EA18-0773		Teso	Kenya	Delta	2	60	alive	KN18_Plate03
EA18-0774	gambiae	Teso	Kenya	Delta	2	60	alive	KN18_Plate03
EA18-0775	arabiensis	Teso	Kenya	Delta	2	60	alive	KN18_Plate03
EA18-0776	arabiensis	Teso	Kenya	Delta	2	60	alive	KN18_Plate03
EA18-0777	gambiae	Teso	Kenya	Delta	2	60	alive	KN18_Plate03
EA18-0778	gambiae	Teso	Kenya	Delta	2	60	alive	KN18_Plate03
EA18-0779	arabiensis	Teso	Kenya	Delta	2	60	alive	KN18_Plate03
EA18-0780	gambiae	Teso	Kenya	Delta	2	60	alive	KN18_Plate03
EA18-0781	gambiae	Teso	Kenya	Delta	2	60	alive	KN18_Plate03
EA18-0782	gambiae	Teso	Kenya	Delta	2	60	alive	KN18_Plate03
EA18-0783	gambiae	Teso	Kenya	Delta	2	60	alive	KN18_Plate03
EA18-0784	gambiae	Teso	Kenya	Delta	2	60	alive	KN18_Plate03
EA18-0785	gambiae	Teso	Kenya	Delta	2	60	alive	KN18_Plate03
EA18-0786	gambiae	Teso	Kenya	Delta	2	60	alive	KN18_Plate03
EA18-0787	gambiae	Teso	Kenya	Delta	2	60	alive	KN18_Plate03
EA18-0788	gambiae	Teso	Kenya	Delta	2	60	alive	KN18_Plate03
EA18-0789	gambiae	Teso	Kenya	Delta	2	60	alive	KN18_Plate03
EA18-0790	gambiae	Teso	Kenya	Delta	2	60	alive	KN18_Plate03
EA18-0791	arabiensis	Teso	Kenya	Delta	2	60	alive	KN18_Plate03
EA18-0792	gambiae	Teso	Kenya	Delta	2	60	alive	KN18_Plate03
EA18-0793	arabiensis	Teso	Kenya	Delta	2	60	alive	KN18_Plate03
EA18-0794	gambiae	Teso	Kenya	Delta	2	60	alive	KN18_Plate03
EA18-0795	arabiensis	Teso	Kenya	Delta	2	60	alive	KN18_Plate03
EA18-0796	gambiae	Teso	Kenya	Delta	2	60	alive	KN18_Plate03
EA18-0797	gambiae	Teso	Kenya	Delta	2	60	alive	KN18_Plate03
EA18-0798	gambiae	Teso	Kenya	Delta	2	60	alive	KN18_Plate03
EA18-0799	gambiae	Teso	Kenya	Delta	2	60	alive	KN18_Plate03
EA18-0800	gambiae	Teso	Kenya	Delta	2	60	alive	KN18_Plate03
EA18-0801	gambiae	Teso	Kenya	Delta	2	60	alive	KN18_Plate03
EA18-0802	gambiae	Teso	Kenya	Delta	2	60	alive	KN18_Plate03
EA18-0803	gambiae	Teso	Kenya	Delta	2	60	alive	KN18_Plate03
EA18-0804	gambiae	Teso	Kenya	Delta	2	60	alive	KN18_Plate03
EA18-0805	gambiae	Teso	Kenya	Delta	2	60	alive	KN18_Plate03
EA18-0806	gambiae	Teso	Kenya	Delta	2	60	alive	KN18_Plate03
EA18-0807	arabiensis	Teso	Kenya	Delta	2	60	alive	KN18_Plate03
EA18-0808	gambiae	Teso	Kenya	Delta	2	60	alive	KN18_Plate03
EA18-0809	gambiae	Teso	Kenya	Delta	2	60	alive	KN18_Plate03
EA18-0810	gambiae	Teso	Kenya	Delta	2	60	alive	KN18_Plate03
EA18-0811	gambiae	Teso	Kenya	Delta	2	60	alive	KN18_Plate03
EA18-0812	arabiensis	Teso	Kenya	Delta	2	60	alive	KN18_Plate03
EA18-0813	arabiensis	Teso	Kenya	Delta	2	60	alive	KN18_Plate03
EA18-0814	gambiae	Teso	Kenya	Delta	2	60	alive	KN18_Plate03
EA18-0815	gambiae	Teso	Kenya	Delta	2	60	alive	KN18_Plate03
EA18-0816	gambiae	Teso	Kenya	Delta	2	60	alive	KN18_Plate03
EA18-0817	gambiae	Teso	Kenya	Delta	2	60	alive	KN18_Plate03
EA18-0818	gambiae	Teso	Kenya	Delta	2	60	alive	KN18_Plate03
EA18-0819	gambiae	Teso	Kenya	Delta	2	60	alive	KN18_Plate03
EA18-0820	gambiae	Teso	Kenya	Delta	2	60	alive	KN18_Plate03
EA18-0821	gambiae	Teso	Kenya	Delta	2	60	alive	KN18_Plate03
EA18-0822	gambiae	Teso	Kenya	Delta	2	60	alive	KN18_Plate03
EA18-0823	gambiae	Teso	Kenya	Delta	2	60	alive	KN18_Plate03
EA18-0824	arabiensis	Teso	Kenya	Delta	2	60	alive	KN18_Plate03
EA18-0825	gambiae	Teso	Kenya	Delta	2	60	alive	KN18_Plate03
EA18-0826	gambiae	Teso	Kenya	Delta	2	60	alive	KN18_Plate03
EA18-0827	gambiae	Teso	Kenya	Delta	2	60	alive	KN18_Plate03
EA18-0828	gambiae	Teso	Kenya	Delta	2	60	alive	KN18_Plate03
EA18-0829	gambiae	Teso	Kenya	Delta	2	60	alive	KN18_Plate03
EA18-0830	gambiae	Teso	Kenya	Delta	0.5	60	dead	KN18_Plate04
EA18-0831	arabiensis	Teso	Kenya	Delta	0.5	60	dead	KN18_Plate04
EA18-0832	gambiae	Teso	Kenya	Delta	0.5	60	dead	KN18_Plate04
EA18-0833	gambiae	Teso	Kenya	Delta	0.5	60	dead	KN18_Plate04
EA18-0834	arabiensis	Teso	Kenya	Delta	0.5	60	dead	KN18_Plate04
EA18-0835	gambiae	Teso	Kenya	Delta	0.5	60	dead	KN18_Plate04
EA18-0836	arabiensis	Teso	Kenya	Delta	0.5	60	dead	KN18_Plate04
EA18-0837	arabiensis	Teso	Kenya	Delta	0.5	60	dead	KN18_Plate04
EA18-0838	gambiae	Teso	Kenya	Delta	0.5	60	dead	KN18_Plate04
EA18-0839	arabiensis	Teso	Kenya	Delta	0.5	60	dead	KN18_Plate04
EA18-0840	arabiensis	Teso	Kenya	Delta	0.5	60	dead	KN18_Plate04
EA18-0841	arabiensis	Teso	Kenya	Delta	0.5	60	dead	KN18_Plate04
EA18-0842	arabiensis	Teso	Kenya	Delta	0.5	60	dead	KN18_Plate04
EA18-0843	arabiensis	Teso	Kenya	Delta	0.5	60	dead	KN18_Plate04
EA18-0844		Teso	Kenya	Delta	0.5	60	dead	KN18_Plate04
EA18-0845	arabiensis	Teso	Kenya	Delta	0.5	60	dead	KN18_Plate04
EA18-0846	arabiensis	Teso	Kenya	Delta	0.5	60	dead	KN18_Plate04
EA18-0847	arabiensis	Teso	Kenya	Delta	0.5	60	dead	KN18_Plate04
EA18-0848	arabiensis	Teso	Kenya	Delta	0.5	60	dead	KN18_Plate04
EA18-0849	arabiensis	Teso	Kenya	Delta	0.5	60	dead	KN18_Plate04
EA18-0850	gambiae	Teso	Kenya	Delta	0.5	60	dead	KN18_Plate04
EA18-0851	arabiensis	Teso	Kenya	Delta	0.5	60	dead	KN18_Plate04
EA18-0852	arabiensis	Teso	Kenya	Delta	0.5	60	dead	KN18_Plate04
EA18-0853	arabiensis	Teso	Kenya	Delta	0.5	60	dead	KN18_Plate04
EA18-0854	arabiensis	Teso	Kenya	Delta	0.5	60	dead	KN18_Plate04
EA18-0855	gambiae	Teso	Kenya	Delta	0.5	60	dead	KN18_Plate04
EA18-0856	gambiae	Teso	Kenya	Delta	0.5	60	dead	KN18_Plate04
EA18-0857	arabiensis	Teso	Kenya	Delta	0.5	60	dead	KN18_Plate04
EA18-0858	gambiae	Teso	Kenya	Delta	0.5	60	dead	KN18_Plate04
EA18-0859	arabiensis	Teso	Kenya	Delta	0.5	60	dead	KN18_Plate04
EA18-0860	gambiae	Teso	Kenya	Delta	0.5	60	dead	KN18_Plate04
EA18-0861	arabiensis	Teso	Kenya	Delta	0.5	60	dead	KN18_Plate04
EA18-0862	arabiensis	Teso	Kenya	Delta	0.5	60	dead	KN18_Plate04
EA18-0863	arabiensis	Teso	Kenya	Delta	0.5	60	dead	KN18_Plate04
EA18-0864	arabiensis	Teso	Kenya	Delta	0.5	60	dead	KN18_Plate04
EA18-0865	arabiensis	Teso	Kenya	Delta	0.5	60	dead	KN18_Plate04
EA18-0866	arabiensis	Teso	Kenya	Delta	0.5	60	dead	KN18_Plate04
EA18-0867		Teso	Kenya	Delta	0.5	60	dead	KN18_Plate04
EA18-0868		Teso	Kenya	Delta	0.5	60	dead	KN18_Plate04
EA18-0869	arabiensis	Teso	Kenya	Delta	0.5	60	dead	KN18_Plate04
EA18-0870	gambiae	Teso	Kenya	Delta	0.5	60	dead	KN18_Plate04
EA18-0871	arabiensis	Teso	Kenya	Delta	0.5	60	dead	KN18_Plate04
EA18-0872	arabiensis	Teso	Kenya	Delta	0.5	60	dead	KN18_Plate04
EA18-0873	gambiae	Teso	Kenya	Delta	0.5	60	dead	KN18_Plate04
EA18-0874	arabiensis	Teso	Kenya	Delta	0.5	60	dead	KN18_Plate04
EA18-0875	arabiensis	Teso	Kenya	Delta	0.5	60	dead	KN18_Plate04
EA18-0876	gambiae	Teso	Kenya	Delta	0.5	60	dead	KN18_Plate04
EA18-0877	arabiensis	Teso	Kenya	Delta	0.5	60	dead	KN18_Plate04
EA18-0878		Teso	Kenya	Delta	0.5	60	dead	KN18_Plate04
EA18-0879	arabiensis	Teso	Kenya	Delta	0.5	60	dead	KN18_Plate04
EA18-0880	gambiae	Teso	Kenya	Delta	0.5	60	dead	KN18_Plate04
EA18-0881	arabiensis	Teso	Kenya	Delta	0.5	60	dead	KN18_Plate04
EA18-0882	arabiensis	Teso	Kenya	Delta	0.5	60	dead	KN18_Plate04
EA18-0883	arabiensis	Teso	Kenya	Delta	0.5	60	dead	KN18_Plate04
EA18-0884	arabiensis	Teso	Kenya	Delta	0.5	60	dead	KN18_Plate04
EA18-0885	gambiae	Teso	Kenya	Delta	0.5	60	dead	KN18_Plate04
EA18-0886	arabiensis	Teso	Kenya	Delta	0.5	60	dead	KN18_Plate04
EA18-0887	gambiae	Teso	Kenya	Delta	0.5	60	dead	KN18_Plate04
EA18-0888		Teso	Kenya	Delta	0.5	60	dead	KN18_Plate04
EA18-0889	arabiensis	Teso	Kenya	Delta	0.5	60	dead	KN18_Plate04
EA18-0890	arabiensis	Teso	Kenya	Delta	0.5	60	dead	KN18_Plate04
EA18-0891	arabiensis	Teso	Kenya	Delta	0.5	60	dead	KN18_Plate04
EA18-0892	arabiensis	Teso	Kenya	Delta	0.5	60	dead	KN18_Plate04
EA18-0893	arabiensis	Teso	Kenya	Delta	0.5	60	dead	KN18_Plate04
EA18-0894	arabiensis	Teso	Kenya	Delta	0.5	60	dead	KN18_Plate04
EA18-0895	arabiensis	Teso	Kenya	Delta	0.5	60	dead	KN18_Plate04
EA18-0896	arabiensis	Teso	Kenya	Delta	0.5	60	dead	KN18_Plate04
EA18-0897	arabiensis	Teso	Kenya	Delta	0.5	60	dead	KN18_Plate04
EA18-0898	gambiae	Teso	Kenya	Delta	0.5	60	dead	KN18_Plate04
EA18-0899	arabiensis	Teso	Kenya	Delta	0.5	60	dead	KN18_Plate04
EA18-0900	arabiensis	Teso	Kenya	Delta	0.5	60	dead	KN18_Plate04
EA18-0901	arabiensis	Teso	Kenya	Delta	0.5	60	dead	KN18_Plate04
EA18-0902	arabiensis	Teso	Kenya	Delta	0.5	60	dead	KN18_Plate04
EA18-0903	gambiae	Teso	Kenya	Delta	0.5	60	dead	KN18_Plate04
EA18-0904	arabiensis	Teso	Kenya	Delta	0.5	60	dead	KN18_Plate04
EA18-0905	arabiensis	Teso	Kenya	Delta	0.5	60	dead	KN18_Plate04
EA18-0906	arabiensis	Teso	Kenya	Delta	0.5	60	dead	KN18_Plate04
EA18-0907	arabiensis	Teso	Kenya	Delta	0.5	60	dead	KN18_Plate04
EA18-0908		Teso	Kenya	Delta	0.5	60	dead	KN18_Plate04
EA18-0909	arabiensis	Teso	Kenya	Delta	0.5	60	dead	KN18_Plate04
EA18-0910	arabiensis	Teso	Kenya	Delta	0.5	60	dead	KN18_Plate04
EA18-0911	arabiensis	Teso	Kenya	Delta	0.5	60	dead	KN18_Plate04
EA18-0912	arabiensis	Teso	Kenya	Delta	0.5	60	dead	KN18_Plate04
EA18-0913	gambiae	Teso	Kenya	Delta	0.5	60	dead	KN18_Plate04
EA18-0914	gambiae	Teso	Kenya	Delta	0.5	60	dead	KN18_Plate04
EA18-0915	arabiensis	Teso	Kenya	Delta	0.5	60	dead	KN18_Plate04
EA18-0916		Teso	Kenya	Delta	0.5	60	dead	KN18_Plate04
EA18-0917	arabiensis	Teso	Kenya	Delta	0.5	60	dead	KN18_Plate04
EA18-0918	arabiensis	Teso	Kenya	Delta	0.5	60	dead	KN18_Plate04
EA18-0919	arabiensis	Teso	Kenya	Delta	0.5	60	dead	KN18_Plate04
EA18-0920	arabiensis	Teso	Kenya	Delta	0.5	60	dead	KN18_Plate04
EA18-0921	arabiensis	Teso	Kenya	Delta	0.5	60	dead	KN18_Plate04
EA18-0922		Teso	Kenya	Delta	0.5	60	dead	KN18_Plate04
EA18-0923	arabiensis	Teso	Kenya	Delta	0.5	60	dead	KN18_Plate04
EA18-0924	arabiensis	Teso	Kenya	Delta	0.5	60	dead	KN18_Plate04
EA18-0925		Bondo	Kenya	Delta	2	60	alive	KN18_Plate05
EA18-0926		Bondo	Kenya	Delta	2	60	alive	KN18_Plate05
EA18-0927	arabiensis	Bondo	Kenya	Delta	2	60	alive	KN18_Plate05
EA18-0928		Bondo	Kenya	Delta	2	60	alive	KN18_Plate05
EA18-0929	arabiensis	Bondo	Kenya	Delta	2	60	alive	KN18_Plate05
EA18-0930		Bondo	Kenya	Delta	2	60	alive	KN18_Plate05
EA18-0931		Bondo	Kenya	Delta	2	60	alive	KN18_Plate05
EA18-0932	arabiensis	Bondo	Kenya	Delta	2	60	alive	KN18_Plate05
EA18-0933		Bondo	Kenya	Delta	2	60	alive	KN18_Plate05
EA18-0934		Bondo	Kenya	Delta	2	60	alive	KN18_Plate05
EA18-0935		Bondo	Kenya	Delta	2	60	alive	KN18_Plate05
EA18-0936		Bondo	Kenya	Delta	2	60	alive	KN18_Plate05
EA18-0937	arabiensis	Bondo	Kenya	Delta	2	60	alive	KN18_Plate05
EA18-0938		Bondo	Kenya	Delta	2	60	alive	KN18_Plate05
EA18-0939		Bondo	Kenya	Delta	2	60	alive	KN18_Plate05
EA18-0940		Bondo	Kenya	Delta	2	60	alive	KN18_Plate05
EA18-0941		Bondo	Kenya	Delta	2	60	alive	KN18_Plate05
EA18-0942		Bondo	Kenya	Delta	2	60	alive	KN18_Plate05
EA18-0943	arabiensis	Bondo	Kenya	Delta	2	60	alive	KN18_Plate05
EA18-0944	arabiensis	Bondo	Kenya	Delta	2	60	alive	KN18_Plate05
EA18-0945		Bondo	Kenya	Delta	2	60	alive	KN18_Plate05
EA18-0946		Bondo	Kenya	Delta	2	60	alive	KN18_Plate05
EA18-0947		Bondo	Kenya	Delta	2	60	alive	KN18_Plate05
EA18-0948		Bondo	Kenya	Delta	2	60	alive	KN18_Plate05
EA18-0949		Bondo	Kenya	Delta	2	60	alive	KN18_Plate05
EA18-0950		Bondo	Kenya	Delta	2	60	alive	KN18_Plate05
EA18-0951		Bondo	Kenya	Delta	2	60	alive	KN18_Plate05
EA18-0952		Bondo	Kenya	Delta	2	60	alive	KN18_Plate05
EA18-0953		Bondo	Kenya	Delta	2	60	alive	KN18_Plate05
EA18-0954	arabiensis	Bondo	Kenya	Delta	2	60	alive	KN18_Plate05
EA18-0955		Bondo	Kenya	Delta	2	60	alive	KN18_Plate05
EA18-0956		Bondo	Kenya	Delta	2	60	alive	KN18_Plate05
EA18-0957	arabiensis	Bondo	Kenya	Delta	2	60	alive	KN18_Plate05
EA18-0958		Bondo	Kenya	Delta	2	60	alive	KN18_Plate05
EA18-0959		Bondo	Kenya	Delta	2	60	alive	KN18_Plate05
EA18-0960	arabiensis	Bondo	Kenya	Delta	2	60	alive	KN18_Plate05
EA18-0961		Bondo	Kenya	Delta	2	60	alive	KN18_Plate05
EA18-0962		Bondo	Kenya	Delta	2	60	alive	KN18_Plate05
EA18-0963		Bondo	Kenya	Delta	2	60	alive	KN18_Plate05
EA18-0964		Bondo	Kenya	Delta	2	60	alive	KN18_Plate05
EA18-0965	arabiensis	Bondo	Kenya	Delta	2	60	alive	KN18_Plate05
EA18-0966		Bondo	Kenya	Delta	2	60	alive	KN18_Plate05
EA18-0967		Bondo	Kenya	Delta	2	60	alive	KN18_Plate05
EA18-0968	arabiensis	Bondo	Kenya	Delta	2	60	alive	KN18_Plate05
EA18-0969		Bondo	Kenya	Delta	2	60	alive	KN18_Plate05
EA18-0970		Bondo	Kenya	Delta	2	60	alive	KN18_Plate05
EA18-0971		Bondo	Kenya	Delta	2	60	alive	KN18_Plate05
EA18-0972		Bondo	Kenya	Delta	2	60	alive	KN18_Plate05
EA18-0973		Bondo	Kenya	Delta	2	60	alive	KN18_Plate05
EA18-0974		Bondo	Kenya	Delta	2	60	alive	KN18_Plate05
EA18-0975	arabiensis	Bondo	Kenya	Delta	2	60	alive	KN18_Plate05
EA18-0976		Bondo	Kenya	Delta	2	60	alive	KN18_Plate05
EA18-0977	arabiensis	Bondo	Kenya	Delta	2	60	alive	KN18_Plate05
EA18-0978		Bondo	Kenya	Delta	2	60	alive	KN18_Plate05
EA18-0979		Bondo	Kenya	Delta	2	60	alive	KN18_Plate05
EA18-0980		Bondo	Kenya	Delta	2	60	alive	KN18_Plate05
EA18-0981		Bondo	Kenya	Delta	2	60	alive	KN18_Plate05
EA18-0982		Bondo	Kenya	Delta	2	60	alive	KN18_Plate05
EA18-0983		Bondo	Kenya	Delta	2	60	alive	KN18_Plate05
EA18-0984		Bondo	Kenya	Delta	2	60	alive	KN18_Plate05
EA18-0985		Bondo	Kenya	Delta	2	60	alive	KN18_Plate05
EA18-0986		Bondo	Kenya	Delta	2	60	alive	KN18_Plate05
EA18-0987	arabiensis	Bondo	Kenya	Delta	2	60	alive	KN18_Plate05
EA18-0988		Bondo	Kenya	Delta	2	60	alive	KN18_Plate05
EA18-0989		Bondo	Kenya	Delta	2	60	alive	KN18_Plate05
EA18-0990		Bondo	Kenya	Delta	2	60	alive	KN18_Plate05
EA18-0991		Bondo	Kenya	Delta	2	60	alive	KN18_Plate05
EA18-0992		Bondo	Kenya	Delta	2	60	alive	KN18_Plate05
EA18-0993		Bondo	Kenya	Delta	2	60	alive	KN18_Plate05
EA18-0994		Bondo	Kenya	Delta	2	60	alive	KN18_Plate05
EA18-0995		Bondo	Kenya	Delta	2	60	alive	KN18_Plate05
EA18-0996		Bondo	Kenya	Delta	2	60	alive	KN18_Plate05
EA18-0997		Bondo	Kenya	Delta	2	60	alive	KN18_Plate05
EA18-0998		Bondo	Kenya	Delta	2	60	alive	KN18_Plate05
EA18-0999		Bondo	Kenya	Delta	2	60	alive	KN18_Plate05
EA18-1000		Bondo	Kenya	Delta	2	60	alive	KN18_Plate05
EA18-1001		Bondo	Kenya	Delta	2	60	alive	KN18_Plate05
EA18-1002		Bondo	Kenya	Delta	2	60	alive	KN18_Plate05
EA18-1003		Bondo	Kenya	Delta	2	60	alive	KN18_Plate05
EA18-1004		Bondo	Kenya	Delta	2	60	alive	KN18_Plate05
EA18-1005	arabiensis	Bondo	Kenya	Delta	2	60	alive	KN18_Plate05
EA18-1006		Bondo	Kenya	Delta	2	60	alive	KN18_Plate05
EA18-1007		Bondo	Kenya	Delta	2	60	alive	KN18_Plate05
EA18-1008	arabiensis	Bondo	Kenya	Delta	2	60	alive	KN18_Plate05
EA18-1009	arabiensis	Bondo	Kenya	Delta	2	60	alive	KN18_Plate05
EA18-1010	arabiensis	Bondo	Kenya	Delta	2	60	alive	KN18_Plate05
EA18-1011	arabiensis	Bondo	Kenya	Delta	2	60	alive	KN18_Plate05
EA18-1012	arabiensis	Bondo	Kenya	Delta	2	60	alive	KN18_Plate05
EA18-1013		Bondo	Kenya	Delta	2	60	alive	KN18_Plate05
EA18-1014		Bondo	Kenya	Delta	2	60	alive	KN18_Plate05
EA18-1015		Bondo	Kenya	Delta	2	60	alive	KN18_Plate05
EA18-1016		Bondo	Kenya	Delta	2	60	alive	KN18_Plate05
EA18-1017		Bondo	Kenya	Delta	2	60	alive	KN18_Plate05
EA18-1018		Bondo	Kenya	Delta	2	60	alive	KN18_Plate05
EA18-1019		Bondo	Kenya	Delta	2	60	alive	KN18_Plate05
EA18-1020		Bondo	Kenya	Delta	2	60	alive	KN18_Plate05
EA18-1021	arabiensis	Bondo	Kenya	Delta	1	60	dead	KN18_Plate06
EA18-1022	arabiensis	Bondo	Kenya	Delta	1	60	dead	KN18_Plate06
EA18-1023	arabiensis	Bondo	Kenya	Delta	1	60	dead	KN18_Plate06
EA18-1024	arabiensis	Bondo	Kenya	Delta	1	60	dead	KN18_Plate06
EA18-1025	arabiensis	Bondo	Kenya	Delta	1	60	dead	KN18_Plate06
EA18-1026	arabiensis	Bondo	Kenya	Delta	1	60	dead	KN18_Plate06
EA18-1027	arabiensis	Bondo	Kenya	Delta	1	60	dead	KN18_Plate06
EA18-1028	arabiensis	Bondo	Kenya	Delta	1	60	dead	KN18_Plate06
EA18-1029	arabiensis	Bondo	Kenya	Delta	1	60	dead	KN18_Plate06
EA18-1030	arabiensis	Bondo	Kenya	Delta	1	60	dead	KN18_Plate06
EA18-1031	arabiensis	Bondo	Kenya	Delta	1	60	dead	KN18_Plate06
EA18-1032	arabiensis	Bondo	Kenya	Delta	1	60	dead	KN18_Plate06
EA18-1033	arabiensis	Bondo	Kenya	Delta	1	60	dead	KN18_Plate06
EA18-1034	arabiensis	Bondo	Kenya	Delta	1	60	dead	KN18_Plate06
EA18-1035	arabiensis	Bondo	Kenya	Delta	1	60	dead	KN18_Plate06
EA18-1036	arabiensis	Bondo	Kenya	Delta	1	60	dead	KN18_Plate06
EA18-1037	arabiensis	Bondo	Kenya	Delta	1	60	dead	KN18_Plate06
EA18-1038	arabiensis	Bondo	Kenya	Delta	1	60	dead	KN18_Plate06
EA18-1039	arabiensis	Bondo	Kenya	Delta	1	60	dead	KN18_Plate06
EA18-1040	arabiensis	Bondo	Kenya	Delta	1	60	dead	KN18_Plate06
EA18-1041	arabiensis	Bondo	Kenya	Delta	1	60	dead	KN18_Plate06
EA18-1042	arabiensis	Bondo	Kenya	Delta	1	60	dead	KN18_Plate06
EA18-1043	arabiensis	Bondo	Kenya	Delta	1	60	dead	KN18_Plate06
EA18-1044	arabiensis	Bondo	Kenya	Delta	1	60	dead	KN18_Plate06
EA18-1045	arabiensis	Bondo	Kenya	Delta	1	60	dead	KN18_Plate06
EA18-1046	arabiensis	Bondo	Kenya	Delta	1	60	dead	KN18_Plate06
EA18-1047	arabiensis	Bondo	Kenya	Delta	1	60	dead	KN18_Plate06
EA18-1048	arabiensis	Bondo	Kenya	Delta	1	60	dead	KN18_Plate06
EA18-1049	arabiensis	Bondo	Kenya	Delta	1	60	dead	KN18_Plate06
EA18-1050	arabiensis	Bondo	Kenya	Delta	1	60	dead	KN18_Plate06
EA18-1051	arabiensis	Bondo	Kenya	Delta	1	60	dead	KN18_Plate06
EA18-1052	arabiensis	Bondo	Kenya	Delta	1	60	dead	KN18_Plate06
EA18-1053	arabiensis	Bondo	Kenya	Delta	1	60	dead	KN18_Plate06
EA18-1054	arabiensis	Bondo	Kenya	Delta	1	60	dead	KN18_Plate06
EA18-1055	arabiensis	Bondo	Kenya	Delta	1	60	dead	KN18_Plate06
EA18-1056	arabiensis	Bondo	Kenya	Delta	1	60	dead	KN18_Plate06
EA18-1057	arabiensis	Bondo	Kenya	Delta	1	60	dead	KN18_Plate06
EA18-1058	arabiensis	Bondo	Kenya	Delta	1	60	dead	KN18_Plate06
EA18-1059	arabiensis	Bondo	Kenya	Delta	1	60	dead	KN18_Plate06
EA18-1060	arabiensis	Bondo	Kenya	Delta	1	60	dead	KN18_Plate06
EA18-1061	arabiensis	Bondo	Kenya	Delta	1	60	dead	KN18_Plate06
EA18-1062	arabiensis	Bondo	Kenya	Delta	1	60	dead	KN18_Plate06
EA18-1063		Bondo	Kenya	Delta	1	60	dead	KN18_Plate06
EA18-1064	arabiensis	Bondo	Kenya	Delta	1	60	dead	KN18_Plate06
EA18-1065		Bondo	Kenya	Delta	1	60	dead	KN18_Plate06
EA18-1066	gambiae	Bondo	Kenya	Delta	1	60	dead	KN18_Plate06
EA18-1067		Bondo	Kenya	Delta	1	60	dead	KN18_Plate06
EA18-1068	arabiensis	Bondo	Kenya	Delta	1	60	dead	KN18_Plate06
EA18-1069	arabiensis	Bondo	Kenya	Delta	1	60	dead	KN18_Plate06
EA18-1070	arabiensis	Bondo	Kenya	Delta	1	60	dead	KN18_Plate06
EA18-1071		Bondo	Kenya	Delta	1	60	dead	KN18_Plate06
EA18-1072	arabiensis	Bondo	Kenya	Delta	1	60	dead	KN18_Plate06
EA18-1073	gambiae	Bondo	Kenya	Delta	1	60	dead	KN18_Plate06
EA18-1074	arabiensis	Bondo	Kenya	Delta	1	60	dead	KN18_Plate06
EA18-1075		Bondo	Kenya	Delta	1	60	dead	KN18_Plate06
EA18-1076	gambiae	Bondo	Kenya	Delta	1	60	dead	KN18_Plate06
EA18-1077	arabiensis	Bondo	Kenya	Delta	1	60	dead	KN18_Plate06
EA18-1078		Bondo	Kenya	Delta	1	60	dead	KN18_Plate06
EA18-1079		Bondo	Kenya	Delta		60	none	KN18_Plate06
EA18-1080		Bondo	Kenya	Delta		60	none	KN18_Plate06
EA18-1081		Bondo	Kenya	Delta		60	none	KN18_Plate06
EA18-1082		Bondo	Kenya	Delta		60	none	KN18_Plate06
EA18-1083		Bondo	Kenya	Delta		60	none	KN18_Plate06
EA18-1084		Bondo	Kenya	Delta		60	none	KN18_Plate06
EA18-1085	arabiensis	Bondo	Kenya	Delta	2	60	alive	KN18_Plate06
EA18-1086	arabiensis	Bondo	Kenya	Delta	2	60	alive	KN18_Plate06
EA18-1087	arabiensis	Bondo	Kenya	Delta	2	60	alive	KN18_Plate06
EA18-1088	arabiensis	Bondo	Kenya	Delta	2	60	alive	KN18_Plate06
EA18-1089	arabiensis	Bondo	Kenya	Delta	2	60	alive	KN18_Plate06
EA18-1090	arabiensis	Bondo	Kenya	Delta	2	60	alive	KN18_Plate06
EA18-1091	arabiensis	Bondo	Kenya	Delta	2	60	alive	KN18_Plate06
EA18-1092	arabiensis	Bondo	Kenya	Delta	2	60	alive	KN18_Plate06
EA18-1093	arabiensis	Bondo	Kenya	Delta	2	60	alive	KN18_Plate06
EA18-1094	arabiensis	Bondo	Kenya	Delta	2	60	alive	KN18_Plate06
EA18-1095	arabiensis	Bondo	Kenya	Delta	2	60	alive	KN18_Plate06
EA18-1096	arabiensis	Bondo	Kenya	Delta	2	60	alive	KN18_Plate06
EA18-1097	arabiensis	Bondo	Kenya	Delta	2	60	alive	KN18_Plate06
EA18-1098	arabiensis	Bondo	Kenya	Delta	2	60	alive	KN18_Plate06
EA18-1099	arabiensis	Bondo	Kenya	Delta	2	60	alive	KN18_Plate06
