Chrom	Pos	Ref	Alt	n_Ref_cluster_1	n_Alt_cluster_1	n_Ref_cluster_2	n_Alt_cluster_2	n_Ref_cluster_3	n_Alt_cluster_3	n_Ref_non_cluster	n_Alt_non_cluster	Info
3R	46657310	T	C	0	49	26	0	22	0	196	9	ANN=C|3_prime_UTR_variant|MODIFIER|AGAP009961|AGAP009961|transcript|AGAP009961-RA|protein_coding|7/7|c.*2550T>C|||||2550|,C|downstream_gene_variant|MODIFIER|AGAP029556|AGAP029556|transcript|AGAP029556-RA|protein_coding||c.*1949A>G|||||769|
3R	46657316	T	C	0	49	26	0	22	0	196	9	ANN=C|3_prime_UTR_variant|MODIFIER|AGAP009961|AGAP009961|transcript|AGAP009961-RA|protein_coding|7/7|c.*2556T>C|||||2556|,C|downstream_gene_variant|MODIFIER|AGAP029556|AGAP029556|transcript|AGAP029556-RA|protein_coding||c.*1943A>G|||||763|
3R	46657329	C	G	0	49	26	0	22	0	196	9	ANN=G|3_prime_UTR_variant|MODIFIER|AGAP009961|AGAP009961|transcript|AGAP009961-RA|protein_coding|7/7|c.*2569C>G|||||2569|,G|downstream_gene_variant|MODIFIER|AGAP029556|AGAP029556|transcript|AGAP029556-RA|protein_coding||c.*1930G>C|||||750|
3R	46657505	T	A	0	49	0	26	0	22	0	205	ANN=A|3_prime_UTR_variant|MODIFIER|AGAP009961|AGAP009961|transcript|AGAP009961-RA|protein_coding|7/7|c.*2745T>A|||||2745|,A|downstream_gene_variant|MODIFIER|AGAP029556|AGAP029556|transcript|AGAP029556-RA|protein_coding||c.*1754A>T|||||574|
3R	46657913	A	G	0	49	26	0	22	0	204	1	ANN=G|3_prime_UTR_variant|MODIFIER|AGAP009961|AGAP009961|transcript|AGAP009961-RA|protein_coding|7/7|c.*3153A>G|||||3153|,G|downstream_gene_variant|MODIFIER|AGAP029556|AGAP029556|transcript|AGAP029556-RA|protein_coding||c.*1346T>C|||||166|
3R	46658216	T	C	0	49	0	26	0	22	0	205	ANN=C|3_prime_UTR_variant|MODIFIER|AGAP029556|AGAP029556|transcript|AGAP029556-RA|protein_coding|6/6|c.*1043A>G|||||1043|,C|downstream_gene_variant|MODIFIER|AGAP009961|AGAP009961|transcript|AGAP009961-RA|protein_coding||c.*3456T>C|||||246|
3R	46658276	C	A	49	0	26	0	18	4	204	1	ANN=A|3_prime_UTR_variant|MODIFIER|AGAP029556|AGAP029556|transcript|AGAP029556-RA|protein_coding|6/6|c.*983G>T|||||983|,A|downstream_gene_variant|MODIFIER|AGAP009961|AGAP009961|transcript|AGAP009961-RA|protein_coding||c.*3516C>A|||||306|
3R	46658338	T	A	0	49	0	26	0	22	8	197	ANN=A|3_prime_UTR_variant|MODIFIER|AGAP029556|AGAP029556|transcript|AGAP029556-RA|protein_coding|6/6|c.*921A>T|||||921|,A|downstream_gene_variant|MODIFIER|AGAP009961|AGAP009961|transcript|AGAP009961-RA|protein_coding||c.*3578T>A|||||368|
3R	46658489	G	A	48	1	0	26	0	22	63	142	ANN=A|3_prime_UTR_variant|MODIFIER|AGAP029556|AGAP029556|transcript|AGAP029556-RA|protein_coding|6/6|c.*770C>T|||||770|,A|downstream_gene_variant|MODIFIER|AGAP009961|AGAP009961|transcript|AGAP009961-RA|protein_coding||c.*3729G>A|||||519|
3R	46658846	C	A	0	49	0	26	22	0	106	99	ANN=A|3_prime_UTR_variant|MODIFIER|AGAP029556|AGAP029556|transcript|AGAP029556-RA|protein_coding|6/6|c.*413G>T|||||413|,A|downstream_gene_variant|MODIFIER|AGAP009961|AGAP009961|transcript|AGAP009961-RA|protein_coding||c.*4086C>A|||||876|
3R	46658870	G	C	49	0	0	26	0	22	10	195	ANN=C|3_prime_UTR_variant|MODIFIER|AGAP029556|AGAP029556|transcript|AGAP029556-RA|protein_coding|6/6|c.*389C>G|||||389|,C|downstream_gene_variant|MODIFIER|AGAP009961|AGAP009961|transcript|AGAP009961-RA|protein_coding||c.*4110G>C|||||900|
3R	46658877	G	A	0	49	26	0	22	0	198	7	ANN=A|3_prime_UTR_variant|MODIFIER|AGAP029556|AGAP029556|transcript|AGAP029556-RA|protein_coding|6/6|c.*382C>T|||||382|,A|downstream_gene_variant|MODIFIER|AGAP009961|AGAP009961|transcript|AGAP009961-RA|protein_coding||c.*4117G>A|||||907|
3R	46658937	A	C	49	0	0	26	22	0	115	90	ANN=C|3_prime_UTR_variant|MODIFIER|AGAP029556|AGAP029556|transcript|AGAP029556-RA|protein_coding|6/6|c.*322T>G|||||322|,C|downstream_gene_variant|MODIFIER|AGAP009961|AGAP009961|transcript|AGAP009961-RA|protein_coding||c.*4177A>C|||||967|
3R	46658958	C	T	0	49	26	0	22	0	198	7	ANN=T|3_prime_UTR_variant|MODIFIER|AGAP029556|AGAP029556|transcript|AGAP029556-RA|protein_coding|6/6|c.*301G>A|||||301|,T|downstream_gene_variant|MODIFIER|AGAP009961|AGAP009961|transcript|AGAP009961-RA|protein_coding||c.*4198C>T|||||988|
3R	46659093	C	T	49	0	0	26	0	22	7	198	ANN=T|3_prime_UTR_variant|MODIFIER|AGAP029556|AGAP029556|transcript|AGAP029556-RA|protein_coding|6/6|c.*166G>A|||||166|,T|downstream_gene_variant|MODIFIER|AGAP009961|AGAP009961|transcript|AGAP009961-RA|protein_coding||c.*4333C>T|||||1123|
3R	46659238	A	T	0	49	26	0	22	0	161	44	ANN=T|3_prime_UTR_variant|MODIFIER|AGAP029556|AGAP029556|transcript|AGAP029556-RA|protein_coding|6/6|c.*21T>A|||||21|,T|downstream_gene_variant|MODIFIER|AGAP009961|AGAP009961|transcript|AGAP009961-RA|protein_coding||c.*4478A>T|||||1268|
3R	46659507	G	A	49	0	26	0	0	22	204	1	ANN=A|downstream_gene_variant|MODIFIER|AGAP009961|AGAP009961|transcript|AGAP009961-RA|protein_coding||c.*4747G>A|||||1537|,A|intron_variant|MODIFIER|AGAP029556|AGAP029556|transcript|AGAP029556-RA|protein_coding|5/5|c.505-60C>T||||||
3R	46659711	T	G	49	0	4	22	22	0	202	3	ANN=G|downstream_gene_variant|MODIFIER|AGAP009961|AGAP009961|transcript|AGAP009961-RA|protein_coding||c.*4951T>G|||||1741|,G|intron_variant|MODIFIER|AGAP029556|AGAP029556|transcript|AGAP029556-RA|protein_coding|5/5|c.505-264A>C||||||
3R	46660490	T	G	0	49	0	26	0	22	0	205	ANN=G|downstream_gene_variant|MODIFIER|AGAP009961|AGAP009961|transcript|AGAP009961-RA|protein_coding||c.*5730T>G|||||2520|,G|intron_variant|MODIFIER|AGAP029556|AGAP029556|transcript|AGAP029556-RA|protein_coding|5/5|c.505-1043A>C||||||
3R	46660494	A	G	0	49	0	26	0	22	15	190	ANN=G|downstream_gene_variant|MODIFIER|AGAP009961|AGAP009961|transcript|AGAP009961-RA|protein_coding||c.*5734A>G|||||2524|,G|intron_variant|MODIFIER|AGAP029556|AGAP029556|transcript|AGAP029556-RA|protein_coding|5/5|c.505-1047T>C||||||
3R	46660663	A	T	0	49	0	26	0	22	15	190	ANN=T|downstream_gene_variant|MODIFIER|AGAP009961|AGAP009961|transcript|AGAP009961-RA|protein_coding||c.*5903A>T|||||2693|,T|intron_variant|MODIFIER|AGAP029556|AGAP029556|transcript|AGAP029556-RA|protein_coding|5/5|c.504+940T>A||||||
3R	46660681	C	A	0	49	0	26	0	22	15	190	ANN=A|downstream_gene_variant|MODIFIER|AGAP009961|AGAP009961|transcript|AGAP009961-RA|protein_coding||c.*5921C>A|||||2711|,A|intron_variant|MODIFIER|AGAP029556|AGAP029556|transcript|AGAP029556-RA|protein_coding|5/5|c.504+922G>T||||||
3R	46660880	T	A	0	49	0	26	0	22	4	201	ANN=A|downstream_gene_variant|MODIFIER|AGAP009961|AGAP009961|transcript|AGAP009961-RA|protein_coding||c.*6120T>A|||||2910|,A|intron_variant|MODIFIER|AGAP029556|AGAP029556|transcript|AGAP029556-RA|protein_coding|5/5|c.504+723A>T||||||
3R	46660934	C	T	0	49	0	26	0	22	2	203	ANN=T|downstream_gene_variant|MODIFIER|AGAP009961|AGAP009961|transcript|AGAP009961-RA|protein_coding||c.*6174C>T|||||2964|,T|intron_variant|MODIFIER|AGAP029556|AGAP029556|transcript|AGAP029556-RA|protein_coding|5/5|c.504+669G>A||||||
3R	46660946	G	A	49	0	0	26	22	0	194	11	ANN=A|downstream_gene_variant|MODIFIER|AGAP009961|AGAP009961|transcript|AGAP009961-RA|protein_coding||c.*6186G>A|||||2976|,A|intron_variant|MODIFIER|AGAP029556|AGAP029556|transcript|AGAP029556-RA|protein_coding|5/5|c.504+657C>T||||||
3R	46661052	G	A	0	49	26	0	22	0	198	7	ANN=A|downstream_gene_variant|MODIFIER|AGAP009961|AGAP009961|transcript|AGAP009961-RA|protein_coding||c.*6292G>A|||||3082|,A|intron_variant|MODIFIER|AGAP029556|AGAP029556|transcript|AGAP029556-RA|protein_coding|5/5|c.504+551C>T||||||
3R	46661054	T	A	0	49	0	26	0	22	0	205	ANN=A|downstream_gene_variant|MODIFIER|AGAP009961|AGAP009961|transcript|AGAP009961-RA|protein_coding||c.*6294T>A|||||3084|,A|intron_variant|MODIFIER|AGAP029556|AGAP029556|transcript|AGAP029556-RA|protein_coding|5/5|c.504+549A>T||||||
3R	46661055	T	A	0	49	0	26	0	22	0	205	ANN=A|downstream_gene_variant|MODIFIER|AGAP009961|AGAP009961|transcript|AGAP009961-RA|protein_coding||c.*6295T>A|||||3085|,A|intron_variant|MODIFIER|AGAP029556|AGAP029556|transcript|AGAP029556-RA|protein_coding|5/5|c.504+548A>T||||||
3R	46661098	A	T	0	49	26	0	22	0	198	7	ANN=T|downstream_gene_variant|MODIFIER|AGAP009961|AGAP009961|transcript|AGAP009961-RA|protein_coding||c.*6338A>T|||||3128|,T|intron_variant|MODIFIER|AGAP029556|AGAP029556|transcript|AGAP029556-RA|protein_coding|5/5|c.504+505T>A||||||
3R	46661125	T	A	0	49	26	0	22	0	198	7	ANN=A|downstream_gene_variant|MODIFIER|AGAP009961|AGAP009961|transcript|AGAP009961-RA|protein_coding||c.*6365T>A|||||3155|,A|intron_variant|MODIFIER|AGAP029556|AGAP029556|transcript|AGAP029556-RA|protein_coding|5/5|c.504+478A>T||||||
3R	46661127	A	T	0	49	26	0	22	0	198	7	ANN=T|downstream_gene_variant|MODIFIER|AGAP009961|AGAP009961|transcript|AGAP009961-RA|protein_coding||c.*6367A>T|||||3157|,T|intron_variant|MODIFIER|AGAP029556|AGAP029556|transcript|AGAP029556-RA|protein_coding|5/5|c.504+476T>A||||||
3R	46661209	C	A	0	49	0	26	0	22	54	151	ANN=A|downstream_gene_variant|MODIFIER|AGAP009961|AGAP009961|transcript|AGAP009961-RA|protein_coding||c.*6449C>A|||||3239|,A|intron_variant|MODIFIER|AGAP029556|AGAP029556|transcript|AGAP029556-RA|protein_coding|5/5|c.504+394G>T||||||
3R	46661214	A	T	0	49	0	26	0	22	53	152	ANN=T|downstream_gene_variant|MODIFIER|AGAP009961|AGAP009961|transcript|AGAP009961-RA|protein_coding||c.*6454A>T|||||3244|,T|intron_variant|MODIFIER|AGAP029556|AGAP029556|transcript|AGAP029556-RA|protein_coding|5/5|c.504+389T>A||||||
3R	46661218	A	C	0	49	0	26	0	22	53	152	ANN=C|downstream_gene_variant|MODIFIER|AGAP009961|AGAP009961|transcript|AGAP009961-RA|protein_coding||c.*6458A>C|||||3248|,C|intron_variant|MODIFIER|AGAP029556|AGAP029556|transcript|AGAP029556-RA|protein_coding|5/5|c.504+385T>G||||||
3R	46661367	T	A	48	1	26	0	22	0	190	15	ANN=A|downstream_gene_variant|MODIFIER|AGAP009961|AGAP009961|transcript|AGAP009961-RA|protein_coding||c.*6607T>A|||||3397|,A|intron_variant|MODIFIER|AGAP029556|AGAP029556|transcript|AGAP029556-RA|protein_coding|5/5|c.504+236A>T||||||
3R	46661828	T	C	0	49	0	26	0	22	141	64	ANN=C|downstream_gene_variant|MODIFIER|AGAP009961|AGAP009961|transcript|AGAP009961-RA|protein_coding||c.*7068T>C|||||3858|,C|intron_variant|MODIFIER|AGAP029556|AGAP029556|transcript|AGAP029556-RA|protein_coding|4/5|c.318-39A>G||||||
3R	46661829	G	T	0	49	0	26	0	22	145	60	ANN=T|downstream_gene_variant|MODIFIER|AGAP009961|AGAP009961|transcript|AGAP009961-RA|protein_coding||c.*7069G>T|||||3859|,T|intron_variant|MODIFIER|AGAP029556|AGAP029556|transcript|AGAP029556-RA|protein_coding|4/5|c.318-40C>A||||||
3R	46661856	A	C	0	49	26	0	22	0	157	48	ANN=C|downstream_gene_variant|MODIFIER|AGAP009961|AGAP009961|transcript|AGAP009961-RA|protein_coding||c.*7096A>C|||||3886|,C|intron_variant|MODIFIER|AGAP029556|AGAP029556|transcript|AGAP029556-RA|protein_coding|4/5|c.317+16T>G||||||
3R	46662058	C	A	0	49	0	26	0	22	20	185	ANN=A|downstream_gene_variant|MODIFIER|AGAP009961|AGAP009961|transcript|AGAP009961-RA|protein_coding||c.*7298C>A|||||4088|,A|intron_variant|MODIFIER|AGAP029556|AGAP029556|transcript|AGAP029556-RA|protein_coding|3/5|c.175-44G>T||||||
3R	46662179	C	T	49	0	26	0	19	3	205	0	ANN=T|missense_variant|MODERATE|AGAP029556|AGAP029556|transcript|AGAP029556-RA|protein_coding|3/6|c.103G>A|p.Gly35Arg|969/2739|103/693|35/230||,T|downstream_gene_variant|MODIFIER|AGAP009961|AGAP009961|transcript|AGAP009961-RA|protein_coding||c.*7419C>T|||||4209|
3R	46662582	C	T	0	49	26	0	22	0	204	1	ANN=T|5_prime_UTR_variant|MODIFIER|AGAP029556|AGAP029556|transcript|AGAP029556-RA|protein_coding|1/6|c.-51G>A|||||51|,T|downstream_gene_variant|MODIFIER|AGAP009961|AGAP009961|transcript|AGAP009961-RA|protein_coding||c.*7822C>T|||||4612|
3R	46662745	G	A	0	49	26	0	22	0	204	1	ANN=A|5_prime_UTR_variant|MODIFIER|AGAP029556|AGAP029556|transcript|AGAP029556-RA|protein_coding|1/6|c.-214C>T|||||214|,A|downstream_gene_variant|MODIFIER|AGAP009961|AGAP009961|transcript|AGAP009961-RA|protein_coding||c.*7985G>A|||||4775|
3R	46662880	A	C	49	0	1	25	0	22	148	57	ANN=C|5_prime_UTR_variant|MODIFIER|AGAP029556|AGAP029556|transcript|AGAP029556-RA|protein_coding|1/6|c.-349T>G|||||349|,C|downstream_gene_variant|MODIFIER|AGAP009961|AGAP009961|transcript|AGAP009961-RA|protein_coding||c.*8120A>C|||||4910|
3R	46663164	C	T	49	0	26	0	1	21	121	84	ANN=T|5_prime_UTR_variant|MODIFIER|AGAP029556|AGAP029556|transcript|AGAP029556-RA|protein_coding|1/6|c.-633G>A|||||633|
3R	46663225	C	A	19	30	0	26	21	1	100	105	ANN=A|5_prime_UTR_variant|MODIFIER|AGAP029556|AGAP029556|transcript|AGAP029556-RA|protein_coding|1/6|c.-694G>T|||||694|
3R	46663236	G	A	48	1	26	0	22	0	187	18	ANN=A|5_prime_UTR_variant|MODIFIER|AGAP029556|AGAP029556|transcript|AGAP029556-RA|protein_coding|1/6|c.-705C>T|||||705|
3R	46663250	A	T	46	3	26	0	22	0	195	10	ANN=T|5_prime_UTR_variant|MODIFIER|AGAP029556|AGAP029556|transcript|AGAP029556-RA|protein_coding|1/6|c.-719T>A|||||719|
3R	46663252	A	G	47	2	26	0	1	21	205	0	ANN=G|5_prime_UTR_variant|MODIFIER|AGAP029556|AGAP029556|transcript|AGAP029556-RA|protein_coding|1/6|c.-721T>C|||||721|
3R	46663292	T	C	48	1	26	0	22	0	204	1	ANN=C|5_prime_UTR_premature_start_codon_gain_variant|LOW|AGAP029556|AGAP029556|transcript|AGAP029556-RA|protein_coding|1/6|c.-761A>G||||||,C|5_prime_UTR_variant|MODIFIER|AGAP029556|AGAP029556|transcript|AGAP029556-RA|protein_coding|1/6|c.-761A>G|||||761|
3R	46663351	G	C	48	1	26	0	22	0	187	18	ANN=C|5_prime_UTR_variant|MODIFIER|AGAP029556|AGAP029556|transcript|AGAP029556-RA|protein_coding|1/6|c.-820C>G|||||820|
3R	46663497	C	G	49	0	26	0	14	8	205	0	ANN=G|upstream_gene_variant|MODIFIER|AGAP029556|AGAP029556|transcript|AGAP029556-RA|protein_coding||c.-966G>C|||||100|,G|intergenic_region|MODIFIER|AGAP029556-AGAP009964|AGAP029556-AGAP009964|intergenic_region|AGAP029556-AGAP009964|||n.46663497C>G||||||
3R	46663553	A	C	49	0	0	26	0	22	112	93	ANN=C|upstream_gene_variant|MODIFIER|AGAP029556|AGAP029556|transcript|AGAP029556-RA|protein_coding||c.-1022T>G|||||156|,C|intergenic_region|MODIFIER|AGAP029556-AGAP009964|AGAP029556-AGAP009964|intergenic_region|AGAP029556-AGAP009964|||n.46663553A>C||||||
3R	46666542	A	G	49	0	0	26	0	22	88	117	ANN=G|upstream_gene_variant|MODIFIER|AGAP029556|AGAP029556|transcript|AGAP029556-RA|protein_coding||c.-4011T>C|||||3145|,G|intergenic_region|MODIFIER|AGAP029556-AGAP009964|AGAP029556-AGAP009964|intergenic_region|AGAP029556-AGAP009964|||n.46666542A>G||||||
3R	46666594	T	C	0	49	26	0	22	0	117	88	ANN=C|upstream_gene_variant|MODIFIER|AGAP029556|AGAP029556|transcript|AGAP029556-RA|protein_coding||c.-4063A>G|||||3197|,C|intergenic_region|MODIFIER|AGAP029556-AGAP009964|AGAP029556-AGAP009964|intergenic_region|AGAP029556-AGAP009964|||n.46666594T>C||||||
3R	46667240	C	T	48	1	26	0	22	0	205	0	ANN=T|upstream_gene_variant|MODIFIER|AGAP029556|AGAP029556|transcript|AGAP029556-RA|protein_coding||c.-4709G>A|||||3843|,T|intergenic_region|MODIFIER|AGAP029556-AGAP009964|AGAP029556-AGAP009964|intergenic_region|AGAP029556-AGAP009964|||n.46667240C>T||||||
3R	46668316	G	T	49	0	26	0	21	1	200	5	ANN=T|upstream_gene_variant|MODIFIER|AGAP029556|AGAP029556|transcript|AGAP029556-RA|protein_coding||c.-5785C>A|||||4919|,T|intergenic_region|MODIFIER|AGAP029556-AGAP009964|AGAP029556-AGAP009964|intergenic_region|AGAP029556-AGAP009964|||n.46668316G>T||||||
3R	46669044	T	G	0	49	26	0	22	0	202	3	ANN=G|upstream_gene_variant|MODIFIER|AGAP009964|AGAP009964|transcript|AGAP009964-RA|protein_coding||c.-5442T>G|||||4578|,G|intergenic_region|MODIFIER|AGAP029556-AGAP009964|AGAP029556-AGAP009964|intergenic_region|AGAP029556-AGAP009964|||n.46669044T>G||||||
3R	46669250	C	T	49	0	26	0	0	22	190	15	ANN=T|upstream_gene_variant|MODIFIER|AGAP009964|AGAP009964|transcript|AGAP009964-RA|protein_coding||c.-5236C>T|||||4372|,T|intergenic_region|MODIFIER|AGAP029556-AGAP009964|AGAP029556-AGAP009964|intergenic_region|AGAP029556-AGAP009964|||n.46669250C>T||||||
3R	46669477	G	T	49	0	26	0	0	22	190	15	ANN=T|upstream_gene_variant|MODIFIER|AGAP009964|AGAP009964|transcript|AGAP009964-RA|protein_coding||c.-5009G>T|||||4145|,T|intergenic_region|MODIFIER|AGAP029556-AGAP009964|AGAP029556-AGAP009964|intergenic_region|AGAP029556-AGAP009964|||n.46669477G>T||||||
3R	46670866	G	A	49	0	26	0	0	22	113	92	ANN=A|upstream_gene_variant|MODIFIER|AGAP009964|AGAP009964|transcript|AGAP009964-RA|protein_coding||c.-3620G>A|||||2756|,A|intergenic_region|MODIFIER|AGAP029556-AGAP009964|AGAP029556-AGAP009964|intergenic_region|AGAP029556-AGAP009964|||n.46670866G>A||||||
3R	46670891	G	A	0	49	26	0	0	22	106	99	ANN=A|upstream_gene_variant|MODIFIER|AGAP009964|AGAP009964|transcript|AGAP009964-RA|protein_coding||c.-3595G>A|||||2731|,A|intergenic_region|MODIFIER|AGAP029556-AGAP009964|AGAP029556-AGAP009964|intergenic_region|AGAP029556-AGAP009964|||n.46670891G>A||||||
3R	46670905	T	A	0	49	26	0	0	22	106	99	ANN=A|upstream_gene_variant|MODIFIER|AGAP009964|AGAP009964|transcript|AGAP009964-RA|protein_coding||c.-3581T>A|||||2717|,A|intergenic_region|MODIFIER|AGAP029556-AGAP009964|AGAP029556-AGAP009964|intergenic_region|AGAP029556-AGAP009964|||n.46670905T>A||||||
3R	46670907	C	G	0	49	26	0	0	22	106	99	ANN=G|upstream_gene_variant|MODIFIER|AGAP009964|AGAP009964|transcript|AGAP009964-RA|protein_coding||c.-3579C>G|||||2715|,G|intergenic_region|MODIFIER|AGAP029556-AGAP009964|AGAP029556-AGAP009964|intergenic_region|AGAP029556-AGAP009964|||n.46670907C>G||||||
3R	46670919	T	G	49	0	0	26	22	0	100	105	ANN=G|upstream_gene_variant|MODIFIER|AGAP009964|AGAP009964|transcript|AGAP009964-RA|protein_coding||c.-3567T>G|||||2703|,G|intergenic_region|MODIFIER|AGAP029556-AGAP009964|AGAP029556-AGAP009964|intergenic_region|AGAP029556-AGAP009964|||n.46670919T>G||||||
3R	46671005	T	A	49	0	15	11	22	0	204	1	ANN=A|upstream_gene_variant|MODIFIER|AGAP009964|AGAP009964|transcript|AGAP009964-RA|protein_coding||c.-3481T>A|||||2617|,A|intergenic_region|MODIFIER|AGAP029556-AGAP009964|AGAP029556-AGAP009964|intergenic_region|AGAP029556-AGAP009964|||n.46671005T>A||||||
3R	46671012	T	A	0	49	26	0	22	0	198	7	ANN=A|upstream_gene_variant|MODIFIER|AGAP009964|AGAP009964|transcript|AGAP009964-RA|protein_coding||c.-3474T>A|||||2610|,A|intergenic_region|MODIFIER|AGAP029556-AGAP009964|AGAP029556-AGAP009964|intergenic_region|AGAP029556-AGAP009964|||n.46671012T>A||||||
3R	46671049	G	T	49	0	1	25	22	0	101	104	ANN=T|upstream_gene_variant|MODIFIER|AGAP009964|AGAP009964|transcript|AGAP009964-RA|protein_coding||c.-3437G>T|||||2573|,T|intergenic_region|MODIFIER|AGAP029556-AGAP009964|AGAP029556-AGAP009964|intergenic_region|AGAP029556-AGAP009964|||n.46671049G>T||||||
3R	46671246	G	A	0	49	0	26	0	22	0	205	ANN=A|upstream_gene_variant|MODIFIER|AGAP009964|AGAP009964|transcript|AGAP009964-RA|protein_coding||c.-3240G>A|||||2376|,A|intergenic_region|MODIFIER|AGAP029556-AGAP009964|AGAP029556-AGAP009964|intergenic_region|AGAP029556-AGAP009964|||n.46671246G>A||||||
3R	46671250	G	T	49	0	25	1	22	0	205	0	ANN=T|upstream_gene_variant|MODIFIER|AGAP009964|AGAP009964|transcript|AGAP009964-RA|protein_coding||c.-3236G>T|||||2372|,T|intergenic_region|MODIFIER|AGAP029556-AGAP009964|AGAP029556-AGAP009964|intergenic_region|AGAP029556-AGAP009964|||n.46671250G>T||||||
3R	46672107	T	C	0	49	26	0	22	0	198	7	ANN=C|upstream_gene_variant|MODIFIER|AGAP009964|AGAP009964|transcript|AGAP009964-RA|protein_coding||c.-2379T>C|||||1515|,C|intergenic_region|MODIFIER|AGAP029556-AGAP009964|AGAP029556-AGAP009964|intergenic_region|AGAP029556-AGAP009964|||n.46672107T>C||||||
3R	46672196	T	G	0	49	0	26	0	22	0	205	ANN=G|upstream_gene_variant|MODIFIER|AGAP009964|AGAP009964|transcript|AGAP009964-RA|protein_coding||c.-2290T>G|||||1426|,G|intergenic_region|MODIFIER|AGAP029556-AGAP009964|AGAP029556-AGAP009964|intergenic_region|AGAP029556-AGAP009964|||n.46672196T>G||||||
3R	46672361	C	G	0	49	26	0	22	0	198	7	ANN=G|upstream_gene_variant|MODIFIER|AGAP009964|AGAP009964|transcript|AGAP009964-RA|protein_coding||c.-2125C>G|||||1261|,G|intergenic_region|MODIFIER|AGAP029556-AGAP009964|AGAP029556-AGAP009964|intergenic_region|AGAP029556-AGAP009964|||n.46672361C>G||||||
3R	46674168	T	A	0	49	26	0	22	0	198	7	ANN=A|5_prime_UTR_variant|MODIFIER|AGAP009964|AGAP009964|transcript|AGAP009964-RA|protein_coding|1/10|c.-318T>A|||||318|
3R	46674228	C	A	0	49	26	0	22	0	197	8	ANN=A|5_prime_UTR_premature_start_codon_gain_variant|LOW|AGAP009964|AGAP009964|transcript|AGAP009964-RA|protein_coding|1/10|c.-258C>A||||||,A|5_prime_UTR_variant|MODIFIER|AGAP009964|AGAP009964|transcript|AGAP009964-RA|protein_coding|1/10|c.-258C>A|||||258|
3R	46674242	A	T	0	49	26	0	22	0	198	7	ANN=T|5_prime_UTR_variant|MODIFIER|AGAP009964|AGAP009964|transcript|AGAP009964-RA|protein_coding|1/10|c.-244A>T|||||244|
3R	46674599	G	A	0	49	26	0	22	0	197	8	ANN=A|synonymous_variant|LOW|AGAP009964|AGAP009964|transcript|AGAP009964-RA|protein_coding|1/10|c.114G>A|p.Ser38Ser|978/4523|114/1356|38/451||
3R	46674704	T	A	0	49	26	0	0	22	104	101	ANN=A|intron_variant|MODIFIER|AGAP009964|AGAP009964|transcript|AGAP009964-RA|protein_coding|1/9|c.139+80T>A||||||
3R	46674718	C	T	0	49	26	0	0	22	99	106	ANN=T|intron_variant|MODIFIER|AGAP009964|AGAP009964|transcript|AGAP009964-RA|protein_coding|1/9|c.139+94C>T||||||
3R	46674732	A	C	0	49	26	0	0	22	99	106	ANN=C|intron_variant|MODIFIER|AGAP009964|AGAP009964|transcript|AGAP009964-RA|protein_coding|1/9|c.139+108A>C||||||
3R	46674735	G	A	0	49	0	26	0	22	0	205	ANN=A|intron_variant|MODIFIER|AGAP009964|AGAP009964|transcript|AGAP009964-RA|protein_coding|1/9|c.139+111G>A||||||
3R	46674975	A	G	0	49	26	0	22	0	196	9	ANN=G|intron_variant|MODIFIER|AGAP009964|AGAP009964|transcript|AGAP009964-RA|protein_coding|1/9|c.139+351A>G||||||
3R	46675150	G	A	49	0	0	26	22	0	132	73	ANN=A|intron_variant|MODIFIER|AGAP009964|AGAP009964|transcript|AGAP009964-RA|protein_coding|1/9|c.139+526G>A||||||
3R	46675226	C	T	0	49	26	0	22	0	170	35	ANN=T|intron_variant|MODIFIER|AGAP009964|AGAP009964|transcript|AGAP009964-RA|protein_coding|1/9|c.139+602C>T||||||
3R	46675323	T	A	0	49	0	26	22	0	125	80	ANN=A|intron_variant|MODIFIER|AGAP009964|AGAP009964|transcript|AGAP009964-RA|protein_coding|1/9|c.139+699T>A||||||
3R	46675371	C	T	49	0	26	0	21	1	205	0	ANN=T|intron_variant|MODIFIER|AGAP009964|AGAP009964|transcript|AGAP009964-RA|protein_coding|1/9|c.139+747C>T||||||
3R	46675437	T	A	0	49	0	26	0	22	29	176	ANN=A|intron_variant|MODIFIER|AGAP009964|AGAP009964|transcript|AGAP009964-RA|protein_coding|1/9|c.139+813T>A||||||
3R	46675466	G	A	0	49	0	26	0	22	0	205	ANN=A|intron_variant|MODIFIER|AGAP009964|AGAP009964|transcript|AGAP009964-RA|protein_coding|1/9|c.139+842G>A||||||
3R	46675472	G	A	0	49	0	26	0	22	0	205	ANN=A|intron_variant|MODIFIER|AGAP009964|AGAP009964|transcript|AGAP009964-RA|protein_coding|1/9|c.139+848G>A||||||
3R	46675573	A	T	49	0	0	26	0	22	36	169	ANN=T|intron_variant|MODIFIER|AGAP009964|AGAP009964|transcript|AGAP009964-RA|protein_coding|1/9|c.139+949A>T||||||
3R	46675667	C	T	0	49	26	0	22	0	181	24	ANN=T|intron_variant|MODIFIER|AGAP009964|AGAP009964|transcript|AGAP009964-RA|protein_coding|1/9|c.139+1043C>T||||||
3R	46675705	C	T	0	49	26	0	22	0	197	8	ANN=T|intron_variant|MODIFIER|AGAP009964|AGAP009964|transcript|AGAP009964-RA|protein_coding|1/9|c.139+1081C>T||||||
3R	46675885	C	T	24	25	26	0	22	0	205	0	ANN=T|intron_variant|MODIFIER|AGAP009964|AGAP009964|transcript|AGAP009964-RA|protein_coding|1/9|c.139+1261C>T||||||
3R	46675954	C	T	49	0	0	26	22	0	152	53	ANN=T|intron_variant|MODIFIER|AGAP009964|AGAP009964|transcript|AGAP009964-RA|protein_coding|1/9|c.139+1330C>T||||||
3R	46676080	T	C	0	49	0	26	0	22	0	205	ANN=C|intron_variant|MODIFIER|AGAP009964|AGAP009964|transcript|AGAP009964-RA|protein_coding|1/9|c.139+1456T>C||||||
3R	46676099	C	A	49	0	26	0	17	5	205	0	ANN=A|intron_variant|MODIFIER|AGAP009964|AGAP009964|transcript|AGAP009964-RA|protein_coding|1/9|c.139+1475C>A||||||
3R	46676447	G	T	49	0	1	25	22	0	205	0	ANN=T|intron_variant|MODIFIER|AGAP009964|AGAP009964|transcript|AGAP009964-RA|protein_coding|1/9|c.139+1823G>T||||||
3R	46676611	G	T	0	49	0	26	22	0	93	112	ANN=T|intron_variant|MODIFIER|AGAP009964|AGAP009964|transcript|AGAP009964-RA|protein_coding|1/9|c.139+1987G>T||||||
3R	46676734	A	G	49	0	0	26	0	22	157	48	ANN=G|intron_variant|MODIFIER|AGAP009964|AGAP009964|transcript|AGAP009964-RA|protein_coding|1/9|c.139+2110A>G||||||
3R	46676957	A	G	0	49	26	0	22	0	198	7	ANN=G|intron_variant|MODIFIER|AGAP009964|AGAP009964|transcript|AGAP009964-RA|protein_coding|1/9|c.139+2333A>G||||||
3R	46676968	C	T	0	49	26	0	22	0	198	7	ANN=T|intron_variant|MODIFIER|AGAP009964|AGAP009964|transcript|AGAP009964-RA|protein_coding|1/9|c.139+2344C>T||||||
3R	46676981	G	T	0	49	26	0	22	0	204	1	ANN=T|intron_variant|MODIFIER|AGAP009964|AGAP009964|transcript|AGAP009964-RA|protein_coding|1/9|c.139+2357G>T||||||
3R	46676982	T	C	0	49	26	0	22	0	198	7	ANN=C|intron_variant|MODIFIER|AGAP009964|AGAP009964|transcript|AGAP009964-RA|protein_coding|1/9|c.139+2358T>C||||||
3R	46676995	G	A	49	0	26	0	13	9	205	0	ANN=A|intron_variant|MODIFIER|AGAP009964|AGAP009964|transcript|AGAP009964-RA|protein_coding|1/9|c.139+2371G>A||||||
3R	46677195	G	A	49	0	0	26	22	0	172	33	ANN=A|intron_variant|MODIFIER|AGAP009964|AGAP009964|transcript|AGAP009964-RA|protein_coding|1/9|c.139+2571G>A||||||
3R	46677247	A	G	49	0	13	13	22	0	205	0	ANN=G|intron_variant|MODIFIER|AGAP009964|AGAP009964|transcript|AGAP009964-RA|protein_coding|1/9|c.139+2623A>G||||||
3R	46677292	G	C	49	0	0	26	0	22	13	192	ANN=C|intron_variant|MODIFIER|AGAP009964|AGAP009964|transcript|AGAP009964-RA|protein_coding|1/9|c.139+2668G>C||||||
3R	46677296	C	G	49	0	0	26	0	22	13	192	ANN=G|intron_variant|MODIFIER|AGAP009964|AGAP009964|transcript|AGAP009964-RA|protein_coding|1/9|c.139+2672C>G||||||
3R	46677336	C	T	0	49	26	0	22	0	201	4	ANN=T|intron_variant|MODIFIER|AGAP009964|AGAP009964|transcript|AGAP009964-RA|protein_coding|1/9|c.139+2712C>T||||||
3R	46677342	C	T	49	0	0	26	0	22	12	193	ANN=T|intron_variant|MODIFIER|AGAP009964|AGAP009964|transcript|AGAP009964-RA|protein_coding|1/9|c.139+2718C>T||||||
3R	46677366	C	T	0	49	26	0	22	0	192	13	ANN=T|intron_variant|MODIFIER|AGAP009964|AGAP009964|transcript|AGAP009964-RA|protein_coding|1/9|c.139+2742C>T||||||
3R	46677413	C	T	49	0	26	0	0	22	200	5	ANN=T|intron_variant|MODIFIER|AGAP009964|AGAP009964|transcript|AGAP009964-RA|protein_coding|1/9|c.139+2789C>T||||||
3R	46678016	G	A	0	49	26	0	22	0	205	0	ANN=A|intron_variant|MODIFIER|AGAP009964|AGAP009964|transcript|AGAP009964-RA|protein_coding|1/9|c.139+3392G>A||||||
3R	46678033	C	A	49	0	25	1	22	0	205	0	ANN=A|intron_variant|MODIFIER|AGAP009964|AGAP009964|transcript|AGAP009964-RA|protein_coding|1/9|c.139+3409C>A||||||
3R	46678132	G	A	43	6	26	0	22	0	205	0	ANN=A|intron_variant|MODIFIER|AGAP009964|AGAP009964|transcript|AGAP009964-RA|protein_coding|1/9|c.139+3508G>A||||||
3R	46678167	G	A	0	49	0	26	0	22	0	205	ANN=A|intron_variant|MODIFIER|AGAP009964|AGAP009964|transcript|AGAP009964-RA|protein_coding|1/9|c.139+3543G>A||||||
3R	46678222	T	A	0	49	26	0	22	0	204	1	ANN=A|intron_variant|MODIFIER|AGAP009964|AGAP009964|transcript|AGAP009964-RA|protein_coding|1/9|c.139+3598T>A||||||
3R	46678290	A	G	49	0	26	0	21	1	205	0	ANN=G|intron_variant|MODIFIER|AGAP009964|AGAP009964|transcript|AGAP009964-RA|protein_coding|1/9|c.139+3666A>G||||||
3R	46678301	T	C	25	24	26	0	22	0	205	0	ANN=C|intron_variant|MODIFIER|AGAP009964|AGAP009964|transcript|AGAP009964-RA|protein_coding|1/9|c.139+3677T>C||||||
3R	46678435	T	C	49	0	0	26	0	22	20	185	ANN=C|intron_variant|MODIFIER|AGAP009964|AGAP009964|transcript|AGAP009964-RA|protein_coding|1/9|c.139+3811T>C||||||
3R	46678512	T	C	49	0	0	26	0	22	22	183	ANN=C|intron_variant|MODIFIER|AGAP009964|AGAP009964|transcript|AGAP009964-RA|protein_coding|1/9|c.139+3888T>C||||||
3R	46678570	C	T	49	0	0	26	22	0	25	180	ANN=T|intron_variant|MODIFIER|AGAP009964|AGAP009964|transcript|AGAP009964-RA|protein_coding|1/9|c.139+3946C>T||||||
3R	46678617	C	A	0	49	26	0	22	0	185	20	ANN=A|intron_variant|MODIFIER|AGAP009964|AGAP009964|transcript|AGAP009964-RA|protein_coding|1/9|c.139+3993C>A||||||
3R	46678623	T	A	0	49	26	0	22	0	185	20	ANN=A|intron_variant|MODIFIER|AGAP009964|AGAP009964|transcript|AGAP009964-RA|protein_coding|1/9|c.139+3999T>A||||||
3R	46678724	A	G	0	49	26	0	22	0	202	3	ANN=G|intron_variant|MODIFIER|AGAP009964|AGAP009964|transcript|AGAP009964-RA|protein_coding|1/9|c.139+4100A>G||||||
3R	46678726	C	T	0	49	26	0	22	0	202	3	ANN=T|intron_variant|MODIFIER|AGAP009964|AGAP009964|transcript|AGAP009964-RA|protein_coding|1/9|c.139+4102C>T||||||
3R	46678902	T	C	0	49	0	26	0	22	9	196	ANN=C|intron_variant|MODIFIER|AGAP009964|AGAP009964|transcript|AGAP009964-RA|protein_coding|1/9|c.139+4278T>C||||||
3R	46678935	C	T	0	49	0	26	22	0	187	18	ANN=T|intron_variant|MODIFIER|AGAP009964|AGAP009964|transcript|AGAP009964-RA|protein_coding|1/9|c.139+4311C>T||||||
3R	46679067	C	T	0	49	26	0	22	0	205	0	ANN=T|intron_variant|MODIFIER|AGAP009964|AGAP009964|transcript|AGAP009964-RA|protein_coding|1/9|c.139+4443C>T||||||
3R	46679075	T	C	0	49	26	0	22	0	205	0	ANN=C|intron_variant|MODIFIER|AGAP009964|AGAP009964|transcript|AGAP009964-RA|protein_coding|1/9|c.139+4451T>C||||||
3R	46679334	T	C	49	0	26	0	17	5	205	0	ANN=C|intron_variant|MODIFIER|AGAP009964|AGAP009964|transcript|AGAP009964-RA|protein_coding|1/9|c.139+4710T>C||||||
3R	46679561	A	G	49	0	0	26	0	22	4	201	ANN=G|intron_variant|MODIFIER|AGAP009964|AGAP009964|transcript|AGAP009964-RA|protein_coding|1/9|c.139+4937A>G||||||
3R	46679585	T	A	49	0	0	26	0	22	32	173	ANN=A|intron_variant|MODIFIER|AGAP009964|AGAP009964|transcript|AGAP009964-RA|protein_coding|1/9|c.139+4961T>A||||||
3R	46679596	A	T	49	0	26	0	1	21	202	3	ANN=T|intron_variant|MODIFIER|AGAP009964|AGAP009964|transcript|AGAP009964-RA|protein_coding|1/9|c.139+4972A>T||||||
3R	46679665	G	T	0	49	26	0	22	0	173	32	ANN=T|intron_variant|MODIFIER|AGAP009964|AGAP009964|transcript|AGAP009964-RA|protein_coding|1/9|c.139+5041G>T||||||
3R	46679669	T	A	0	49	26	0	22	0	173	32	ANN=A|intron_variant|MODIFIER|AGAP009964|AGAP009964|transcript|AGAP009964-RA|protein_coding|1/9|c.139+5045T>A||||||
3R	46679694	T	C	49	0	0	26	0	22	34	171	ANN=C|intron_variant|MODIFIER|AGAP009964|AGAP009964|transcript|AGAP009964-RA|protein_coding|1/9|c.139+5070T>C||||||
3R	46679751	A	G	49	0	26	0	21	1	185	20	ANN=G|intron_variant|MODIFIER|AGAP009964|AGAP009964|transcript|AGAP009964-RA|protein_coding|1/9|c.139+5127A>G||||||
3R	46679836	T	A	0	49	0	26	0	22	20	185	ANN=A|intron_variant|MODIFIER|AGAP009964|AGAP009964|transcript|AGAP009964-RA|protein_coding|1/9|c.139+5212T>A||||||
3R	46680326	A	G	0	49	0	26	0	22	2	203	ANN=G|intron_variant|MODIFIER|AGAP009964|AGAP009964|transcript|AGAP009964-RA|protein_coding|1/9|c.139+5702A>G||||||
3R	46680664	G	T	49	0	26	0	13	9	205	0	ANN=T|intron_variant|MODIFIER|AGAP009964|AGAP009964|transcript|AGAP009964-RA|protein_coding|1/9|c.139+6040G>T||||||
3R	46680749	A	T	49	0	26	0	0	22	202	3	ANN=T|intron_variant|MODIFIER|AGAP009964|AGAP009964|transcript|AGAP009964-RA|protein_coding|1/9|c.139+6125A>T||||||
3R	46680769	C	T	0	49	0	26	0	22	8	197	ANN=T|intron_variant|MODIFIER|AGAP009964|AGAP009964|transcript|AGAP009964-RA|protein_coding|1/9|c.139+6145C>T||||||
3R	46680831	T	G	0	49	0	26	0	22	0	205	ANN=G|intron_variant|MODIFIER|AGAP009964|AGAP009964|transcript|AGAP009964-RA|protein_coding|1/9|c.139+6207T>G||||||
3R	46681038	G	A	48	1	26	0	22	0	184	21	ANN=A|intron_variant|MODIFIER|AGAP009964|AGAP009964|transcript|AGAP009964-RA|protein_coding|1/9|c.139+6414G>A||||||
3R	46681392	T	C	0	49	26	0	0	22	69	136	ANN=C|intron_variant|MODIFIER|AGAP009964|AGAP009964|transcript|AGAP009964-RA|protein_coding|1/9|c.139+6768T>C||||||
3R	46681581	G	C	49	0	0	26	22	0	117	88	ANN=C|intron_variant|MODIFIER|AGAP009964|AGAP009964|transcript|AGAP009964-RA|protein_coding|1/9|c.139+6957G>C||||||
3R	46681674	G	A	49	0	26	0	0	22	113	92	ANN=A|intron_variant|MODIFIER|AGAP009964|AGAP009964|transcript|AGAP009964-RA|protein_coding|1/9|c.139+7050G>A||||||
3R	46681715	A	G	0	49	26	0	22	0	205	0	ANN=G|intron_variant|MODIFIER|AGAP009964|AGAP009964|transcript|AGAP009964-RA|protein_coding|1/9|c.139+7091A>G||||||
3R	46681810	G	A	0	49	0	26	22	0	120	85	ANN=A|intron_variant|MODIFIER|AGAP009964|AGAP009964|transcript|AGAP009964-RA|protein_coding|1/9|c.139+7186G>A||||||
3R	46681838	T	C	49	0	0	26	22	0	118	87	ANN=C|intron_variant|MODIFIER|AGAP009964|AGAP009964|transcript|AGAP009964-RA|protein_coding|1/9|c.139+7214T>C||||||
3R	46681839	T	A	49	0	26	0	0	22	109	96	ANN=A|intron_variant|MODIFIER|AGAP009964|AGAP009964|transcript|AGAP009964-RA|protein_coding|1/9|c.139+7215T>A||||||
3R	46681861	T	G	0	49	26	0	0	22	89	116	ANN=G|intron_variant|MODIFIER|AGAP009964|AGAP009964|transcript|AGAP009964-RA|protein_coding|1/9|c.139+7237T>G||||||
3R	46681934	G	T	0	49	26	0	0	22	88	117	ANN=T|intron_variant|MODIFIER|AGAP009964|AGAP009964|transcript|AGAP009964-RA|protein_coding|1/9|c.139+7310G>T||||||
3R	46681942	C	T	0	49	0	26	0	22	0	205	ANN=T|intron_variant|MODIFIER|AGAP009964|AGAP009964|transcript|AGAP009964-RA|protein_coding|1/9|c.139+7318C>T||||||
3R	46682054	T	A	49	0	0	26	22	0	113	92	ANN=A|intron_variant|MODIFIER|AGAP009964|AGAP009964|transcript|AGAP009964-RA|protein_coding|1/9|c.139+7430T>A||||||
3R	46682066	T	A	49	0	0	26	22	0	116	89	ANN=A|intron_variant|MODIFIER|AGAP009964|AGAP009964|transcript|AGAP009964-RA|protein_coding|1/9|c.139+7442T>A||||||
3R	46682158	A	T	49	0	26	0	16	6	205	0	ANN=T|intron_variant|MODIFIER|AGAP009964|AGAP009964|transcript|AGAP009964-RA|protein_coding|1/9|c.139+7534A>T||||||
3R	46682461	G	C	49	0	9	17	22	0	130	75	ANN=C|intron_variant|MODIFIER|AGAP009964|AGAP009964|transcript|AGAP009964-RA|protein_coding|1/9|c.139+7837G>C||||||
3R	46682471	C	T	49	0	9	17	22	0	127	78	ANN=T|intron_variant|MODIFIER|AGAP009964|AGAP009964|transcript|AGAP009964-RA|protein_coding|1/9|c.139+7847C>T||||||
3R	46682483	C	T	49	0	26	0	4	18	179	26	ANN=T|intron_variant|MODIFIER|AGAP009964|AGAP009964|transcript|AGAP009964-RA|protein_coding|1/9|c.139+7859C>T||||||
3R	46683362	G	C	0	49	26	0	0	22	90	115	ANN=C|intron_variant|MODIFIER|AGAP009964|AGAP009964|transcript|AGAP009964-RA|protein_coding|1/9|c.139+8738G>C||||||
3R	46683393	G	T	49	0	0	26	21	1	118	87	ANN=T|intron_variant|MODIFIER|AGAP009964|AGAP009964|transcript|AGAP009964-RA|protein_coding|1/9|c.139+8769G>T||||||
3R	46683463	G	C	49	0	0	26	22	0	111	94	ANN=C|intron_variant|MODIFIER|AGAP009964|AGAP009964|transcript|AGAP009964-RA|protein_coding|1/9|c.139+8839G>C||||||
3R	46683479	T	A	49	0	0	26	22	0	111	94	ANN=A|intron_variant|MODIFIER|AGAP009964|AGAP009964|transcript|AGAP009964-RA|protein_coding|1/9|c.139+8855T>A||||||
3R	46683495	C	A	49	0	26	0	19	3	205	0	ANN=A|intron_variant|MODIFIER|AGAP009964|AGAP009964|transcript|AGAP009964-RA|protein_coding|1/9|c.139+8871C>A||||||
3R	46684084	G	A	49	0	0	26	22	0	111	94	ANN=A|intron_variant|MODIFIER|AGAP009964|AGAP009964|transcript|AGAP009964-RA|protein_coding|1/9|c.139+9460G>A||||||
3R	46684107	C	T	0	49	0	26	0	22	0	205	ANN=T|intron_variant|MODIFIER|AGAP009964|AGAP009964|transcript|AGAP009964-RA|protein_coding|1/9|c.139+9483C>T||||||
3R	46684222	G	A	49	0	26	0	21	1	205	0	ANN=A|intron_variant|MODIFIER|AGAP009964|AGAP009964|transcript|AGAP009964-RA|protein_coding|1/9|c.139+9598G>A||||||
3R	46684223	A	G	49	0	26	0	21	1	205	0	ANN=G|intron_variant|MODIFIER|AGAP009964|AGAP009964|transcript|AGAP009964-RA|protein_coding|1/9|c.139+9599A>G||||||
3R	46684319	G	T	49	0	0	26	22	0	113	92	ANN=T|intron_variant|MODIFIER|AGAP009964|AGAP009964|transcript|AGAP009964-RA|protein_coding|1/9|c.139+9695G>T||||||
3R	46684776	T	G	49	0	0	26	22	0	179	26	ANN=G|intron_variant|MODIFIER|AGAP009964|AGAP009964|transcript|AGAP009964-RA|protein_coding|1/9|c.139+10152T>G||||||
3R	46684792	T	A	0	49	26	0	0	22	94	111	ANN=A|intron_variant|MODIFIER|AGAP009964|AGAP009964|transcript|AGAP009964-RA|protein_coding|1/9|c.139+10168T>A||||||
3R	46684843	T	C	49	0	0	26	22	0	94	111	ANN=C|intron_variant|MODIFIER|AGAP009964|AGAP009964|transcript|AGAP009964-RA|protein_coding|1/9|c.139+10219T>C||||||
3R	46685251	C	T	0	49	25	1	22	0	193	12	ANN=T|intron_variant|MODIFIER|AGAP009964|AGAP009964|transcript|AGAP009964-RA|protein_coding|1/9|c.139+10627C>T||||||
3R	46685277	T	C	0	49	26	0	0	22	62	143	ANN=C|intron_variant|MODIFIER|AGAP009964|AGAP009964|transcript|AGAP009964-RA|protein_coding|1/9|c.139+10653T>C||||||
3R	46685283	G	C	0	49	25	1	22	0	193	12	ANN=C|intron_variant|MODIFIER|AGAP009964|AGAP009964|transcript|AGAP009964-RA|protein_coding|1/9|c.139+10659G>C||||||
3R	46685293	A	T	0	49	0	26	0	22	0	205	ANN=T|intron_variant|MODIFIER|AGAP009964|AGAP009964|transcript|AGAP009964-RA|protein_coding|1/9|c.139+10669A>T||||||
3R	46685373	T	G	0	49	25	1	22	0	205	0	ANN=G|intron_variant|MODIFIER|AGAP009964|AGAP009964|transcript|AGAP009964-RA|protein_coding|1/9|c.139+10749T>G||||||
3R	46685374	T	A	49	0	26	0	0	22	137	68	ANN=A|intron_variant|MODIFIER|AGAP009964|AGAP009964|transcript|AGAP009964-RA|protein_coding|1/9|c.139+10750T>A||||||
3R	46685377	A	G	49	0	0	26	22	0	143	62	ANN=G|intron_variant|MODIFIER|AGAP009964|AGAP009964|transcript|AGAP009964-RA|protein_coding|1/9|c.139+10753A>G||||||
3R	46685378	A	C	49	0	0	26	22	0	143	62	ANN=C|intron_variant|MODIFIER|AGAP009964|AGAP009964|transcript|AGAP009964-RA|protein_coding|1/9|c.139+10754A>C||||||
3R	46685461	A	T	0	49	0	26	0	22	0	205	ANN=T|intron_variant|MODIFIER|AGAP009964|AGAP009964|transcript|AGAP009964-RA|protein_coding|1/9|c.139+10837A>T||||||
3R	46685521	A	T	49	0	0	26	0	22	58	147	ANN=T|intron_variant|MODIFIER|AGAP009964|AGAP009964|transcript|AGAP009964-RA|protein_coding|1/9|c.139+10897A>T||||||
3R	46685528	G	A	0	49	26	0	22	0	146	59	ANN=A|intron_variant|MODIFIER|AGAP009964|AGAP009964|transcript|AGAP009964-RA|protein_coding|1/9|c.139+10904G>A||||||
3R	46685589	G	T	0	49	26	0	22	0	146	59	ANN=T|intron_variant|MODIFIER|AGAP009964|AGAP009964|transcript|AGAP009964-RA|protein_coding|1/9|c.139+10965G>T||||||
3R	46685609	T	C	0	49	0	26	0	22	46	159	ANN=C|intron_variant|MODIFIER|AGAP009964|AGAP009964|transcript|AGAP009964-RA|protein_coding|1/9|c.139+10985T>C||||||
3R	46685642	A	C	0	49	26	0	22	0	205	0	ANN=C|intron_variant|MODIFIER|AGAP009964|AGAP009964|transcript|AGAP009964-RA|protein_coding|1/9|c.139+11018A>C||||||
3R	46685729	A	C	0	49	26	0	22	0	205	0	ANN=C|intron_variant|MODIFIER|AGAP009964|AGAP009964|transcript|AGAP009964-RA|protein_coding|1/9|c.139+11105A>C||||||
3R	46685771	G	A	0	49	26	0	19	3	146	59	ANN=A|intron_variant|MODIFIER|AGAP009964|AGAP009964|transcript|AGAP009964-RA|protein_coding|1/9|c.139+11147G>A||||||
3R	46685779	T	G	49	0	0	26	22	0	181	24	ANN=G|intron_variant|MODIFIER|AGAP009964|AGAP009964|transcript|AGAP009964-RA|protein_coding|1/9|c.139+11155T>G||||||
3R	46685908	A	G	49	0	0	26	22	0	181	24	ANN=G|intron_variant|MODIFIER|AGAP009964|AGAP009964|transcript|AGAP009964-RA|protein_coding|1/9|c.139+11284A>G||||||
3R	46685958	T	G	49	0	0	26	22	0	143	62	ANN=G|intron_variant|MODIFIER|AGAP009964|AGAP009964|transcript|AGAP009964-RA|protein_coding|1/9|c.139+11334T>G||||||
3R	46685959	A	T	49	0	0	26	22	0	143	62	ANN=T|intron_variant|MODIFIER|AGAP009964|AGAP009964|transcript|AGAP009964-RA|protein_coding|1/9|c.139+11335A>T||||||
3R	46685970	A	T	49	0	0	26	22	0	143	62	ANN=T|intron_variant|MODIFIER|AGAP009964|AGAP009964|transcript|AGAP009964-RA|protein_coding|1/9|c.139+11346A>T||||||
3R	46686053	A	C	0	49	0	26	0	22	0	205	ANN=C|intron_variant|MODIFIER|AGAP009964|AGAP009964|transcript|AGAP009964-RA|protein_coding|1/9|c.139+11429A>C||||||
3R	46686130	C	T	0	49	26	0	22	0	204	1	ANN=T|intron_variant|MODIFIER|AGAP009964|AGAP009964|transcript|AGAP009964-RA|protein_coding|1/9|c.139+11506C>T||||||
3R	46686216	C	T	49	0	0	26	22	0	181	24	ANN=T|intron_variant|MODIFIER|AGAP009964|AGAP009964|transcript|AGAP009964-RA|protein_coding|1/9|c.139+11592C>T||||||
3R	46686265	C	T	49	0	26	0	0	22	205	0	ANN=T|intron_variant|MODIFIER|AGAP009964|AGAP009964|transcript|AGAP009964-RA|protein_coding|1/9|c.139+11641C>T||||||
3R	46686289	A	G	0	49	26	0	22	0	205	0	ANN=G|intron_variant|MODIFIER|AGAP009964|AGAP009964|transcript|AGAP009964-RA|protein_coding|1/9|c.139+11665A>G||||||
3R	46686531	A	T	49	0	26	0	0	22	197	8	ANN=T|intron_variant|MODIFIER|AGAP009964|AGAP009964|transcript|AGAP009964-RA|protein_coding|1/9|c.139+11907A>T||||||
3R	46686574	G	A	0	49	0	26	22	0	129	76	ANN=A|intron_variant|MODIFIER|AGAP009964|AGAP009964|transcript|AGAP009964-RA|protein_coding|1/9|c.139+11950G>A||||||
3R	46686608	G	T	0	49	26	0	22	0	205	0	ANN=T|intron_variant|MODIFIER|AGAP009964|AGAP009964|transcript|AGAP009964-RA|protein_coding|1/9|c.139+11984G>T||||||
3R	46686763	G	A	49	0	24	2	22	0	205	0	ANN=A|intron_variant|MODIFIER|AGAP009964|AGAP009964|transcript|AGAP009964-RA|protein_coding|1/9|c.139+12139G>A||||||
3R	46686849	T	C	0	49	26	0	22	0	157	48	ANN=C|intron_variant|MODIFIER|AGAP009964|AGAP009964|transcript|AGAP009964-RA|protein_coding|1/9|c.139+12225T>C||||||
3R	46686868	A	T	49	0	0	26	22	0	132	73	ANN=T|intron_variant|MODIFIER|AGAP009964|AGAP009964|transcript|AGAP009964-RA|protein_coding|1/9|c.139+12244A>T||||||
3R	46686872	A	G	0	49	0	26	0	22	0	205	ANN=G|intron_variant|MODIFIER|AGAP009964|AGAP009964|transcript|AGAP009964-RA|protein_coding|1/9|c.139+12248A>G||||||
3R	46686875	G	A	49	0	0	26	22	0	132	73	ANN=A|intron_variant|MODIFIER|AGAP009964|AGAP009964|transcript|AGAP009964-RA|protein_coding|1/9|c.139+12251G>A||||||
3R	46686879	G	A	0	49	26	0	22	0	157	48	ANN=A|intron_variant|MODIFIER|AGAP009964|AGAP009964|transcript|AGAP009964-RA|protein_coding|1/9|c.139+12255G>A||||||
3R	46686944	A	G	0	49	0	26	22	0	84	121	ANN=G|intron_variant|MODIFIER|AGAP009964|AGAP009964|transcript|AGAP009964-RA|protein_coding|1/9|c.139+12320A>G||||||
3R	46686959	G	A	0	49	0	26	22	0	84	121	ANN=A|intron_variant|MODIFIER|AGAP009964|AGAP009964|transcript|AGAP009964-RA|protein_coding|1/9|c.139+12335G>A||||||
3R	46686961	T	G	0	49	0	26	22	0	84	121	ANN=G|intron_variant|MODIFIER|AGAP009964|AGAP009964|transcript|AGAP009964-RA|protein_coding|1/9|c.139+12337T>G||||||
3R	46686977	C	T	49	0	0	26	22	0	132	73	ANN=T|intron_variant|MODIFIER|AGAP009964|AGAP009964|transcript|AGAP009964-RA|protein_coding|1/9|c.139+12353C>T||||||
3R	46687045	G	A	0	49	26	0	22	0	157	48	ANN=A|intron_variant|MODIFIER|AGAP009964|AGAP009964|transcript|AGAP009964-RA|protein_coding|1/9|c.139+12421G>A||||||
3R	46687066	G	A	49	0	0	26	22	0	132	73	ANN=A|intron_variant|MODIFIER|AGAP009964|AGAP009964|transcript|AGAP009964-RA|protein_coding|1/9|c.139+12442G>A||||||
3R	46687178	C	T	0	49	0	26	0	22	0	205	ANN=T|intron_variant|MODIFIER|AGAP009964|AGAP009964|transcript|AGAP009964-RA|protein_coding|1/9|c.139+12554C>T||||||
3R	46687184	C	T	49	0	0	26	22	0	181	24	ANN=T|intron_variant|MODIFIER|AGAP009964|AGAP009964|transcript|AGAP009964-RA|protein_coding|1/9|c.139+12560C>T||||||
3R	46687185	T	C	1	48	0	26	0	22	0	205	ANN=C|intron_variant|MODIFIER|AGAP009964|AGAP009964|transcript|AGAP009964-RA|protein_coding|1/9|c.139+12561T>C||||||
3R	46687191	A	C	0	49	26	0	0	22	24	181	ANN=C|intron_variant|MODIFIER|AGAP009964|AGAP009964|transcript|AGAP009964-RA|protein_coding|1/9|c.139+12567A>C||||||
3R	46687226	C	T	48	1	26	0	22	0	192	13	ANN=T|intron_variant|MODIFIER|AGAP009964|AGAP009964|transcript|AGAP009964-RA|protein_coding|1/9|c.139+12602C>T||||||
3R	46687239	A	G	0	49	0	26	22	0	127	78	ANN=G|intron_variant|MODIFIER|AGAP009964|AGAP009964|transcript|AGAP009964-RA|protein_coding|1/9|c.139+12615A>G||||||
3R	46687552	G	A	0	49	0	26	0	22	0	205	ANN=A|intron_variant|MODIFIER|AGAP009964|AGAP009964|transcript|AGAP009964-RA|protein_coding|1/9|c.139+12928G>A||||||
3R	46687604	G	A	0	49	0	26	0	22	0	205	ANN=A|intron_variant|MODIFIER|AGAP009964|AGAP009964|transcript|AGAP009964-RA|protein_coding|1/9|c.139+12980G>A||||||
3R	46687733	G	A	49	0	0	26	22	0	145	60	ANN=A|intron_variant|MODIFIER|AGAP009964|AGAP009964|transcript|AGAP009964-RA|protein_coding|1/9|c.139+13109G>A||||||
3R	46688171	C	T	49	0	25	1	22	0	173	32	ANN=T|intron_variant|MODIFIER|AGAP009964|AGAP009964|transcript|AGAP009964-RA|protein_coding|1/9|c.139+13547C>T||||||
3R	46688234	T	C	0	49	26	0	22	0	172	33	ANN=C|intron_variant|MODIFIER|AGAP009964|AGAP009964|transcript|AGAP009964-RA|protein_coding|1/9|c.139+13610T>C||||||
3R	46688268	G	T	0	49	26	0	22	0	172	33	ANN=T|intron_variant|MODIFIER|AGAP009964|AGAP009964|transcript|AGAP009964-RA|protein_coding|1/9|c.139+13644G>T||||||
3R	46688303	T	A	0	49	26	0	22	0	172	33	ANN=A|intron_variant|MODIFIER|AGAP009964|AGAP009964|transcript|AGAP009964-RA|protein_coding|1/9|c.139+13679T>A||||||
3R	46688317	A	G	0	49	26	0	22	0	178	27	ANN=G|intron_variant|MODIFIER|AGAP009964|AGAP009964|transcript|AGAP009964-RA|protein_coding|1/9|c.139+13693A>G||||||
3R	46688338	G	A	0	49	26	0	22	0	178	27	ANN=A|intron_variant|MODIFIER|AGAP009964|AGAP009964|transcript|AGAP009964-RA|protein_coding|1/9|c.139+13714G>A||||||
3R	46688379	A	G	49	0	26	0	0	22	195	10	ANN=G|intron_variant|MODIFIER|AGAP009964|AGAP009964|transcript|AGAP009964-RA|protein_coding|1/9|c.140-13743A>G||||||
3R	46688389	T	C	49	0	26	0	0	22	100	105	ANN=C|intron_variant|MODIFIER|AGAP009964|AGAP009964|transcript|AGAP009964-RA|protein_coding|1/9|c.140-13733T>C||||||
3R	46688420	T	A	0	49	26	0	22	0	182	23	ANN=A|intron_variant|MODIFIER|AGAP009964|AGAP009964|transcript|AGAP009964-RA|protein_coding|1/9|c.140-13702T>A||||||
3R	46688492	G	A	0	49	0	26	0	22	0	205	ANN=A|intron_variant|MODIFIER|AGAP009964|AGAP009964|transcript|AGAP009964-RA|protein_coding|1/9|c.140-13630G>A||||||
3R	46688508	A	G	0	49	0	26	0	22	0	205	ANN=G|intron_variant|MODIFIER|AGAP009964|AGAP009964|transcript|AGAP009964-RA|protein_coding|1/9|c.140-13614A>G||||||
3R	46688619	C	T	0	49	26	0	22	0	205	0	ANN=T|intron_variant|MODIFIER|AGAP009964|AGAP009964|transcript|AGAP009964-RA|protein_coding|1/9|c.140-13503C>T||||||
3R	46688825	T	G	0	49	0	26	0	22	4	201	ANN=G|intron_variant|MODIFIER|AGAP009964|AGAP009964|transcript|AGAP009964-RA|protein_coding|1/9|c.140-13297T>G||||||
3R	46689212	T	C	0	49	0	26	0	22	7	198	ANN=C|intron_variant|MODIFIER|AGAP009964|AGAP009964|transcript|AGAP009964-RA|protein_coding|1/9|c.140-12910T>C||||||
3R	46689251	C	A	0	49	0	26	0	22	4	201	ANN=A|intron_variant|MODIFIER|AGAP009964|AGAP009964|transcript|AGAP009964-RA|protein_coding|1/9|c.140-12871C>A||||||
3R	46689343	T	G	49	0	26	0	21	1	198	7	ANN=G|intron_variant|MODIFIER|AGAP009964|AGAP009964|transcript|AGAP009964-RA|protein_coding|1/9|c.140-12779T>G||||||
3R	46689411	G	A	24	25	26	0	22	0	205	0	ANN=A|intron_variant|MODIFIER|AGAP009964|AGAP009964|transcript|AGAP009964-RA|protein_coding|1/9|c.140-12711G>A||||||
3R	46689412	C	G	24	25	26	0	22	0	205	0	ANN=G|intron_variant|MODIFIER|AGAP009964|AGAP009964|transcript|AGAP009964-RA|protein_coding|1/9|c.140-12710C>G||||||
3R	46689447	G	A	0	49	0	26	0	22	55	150	ANN=A|intron_variant|MODIFIER|AGAP009964|AGAP009964|transcript|AGAP009964-RA|protein_coding|1/9|c.140-12675G>A||||||
3R	46689500	C	T	0	49	26	0	22	0	205	0	ANN=T|intron_variant|MODIFIER|AGAP009964|AGAP009964|transcript|AGAP009964-RA|protein_coding|1/9|c.140-12622C>T||||||
3R	46689505	G	A	0	49	0	26	0	22	4	201	ANN=A|intron_variant|MODIFIER|AGAP009964|AGAP009964|transcript|AGAP009964-RA|protein_coding|1/9|c.140-12617G>A||||||
3R	46689557	T	C	0	49	0	26	0	22	0	205	ANN=C|intron_variant|MODIFIER|AGAP009964|AGAP009964|transcript|AGAP009964-RA|protein_coding|1/9|c.140-12565T>C||||||
3R	46689643	T	C	49	0	26	0	0	22	205	0	ANN=C|intron_variant|MODIFIER|AGAP009964|AGAP009964|transcript|AGAP009964-RA|protein_coding|1/9|c.140-12479T>C||||||
3R	46689865	A	G	49	0	13	13	22	0	199	6	ANN=G|intron_variant|MODIFIER|AGAP009964|AGAP009964|transcript|AGAP009964-RA|protein_coding|1/9|c.140-12257A>G||||||
3R	46689919	G	A	0	49	26	0	22	0	164	41	ANN=A|intron_variant|MODIFIER|AGAP009964|AGAP009964|transcript|AGAP009964-RA|protein_coding|1/9|c.140-12203G>A||||||
3R	46689975	C	T	0	49	26	0	22	0	202	3	ANN=T|intron_variant|MODIFIER|AGAP009964|AGAP009964|transcript|AGAP009964-RA|protein_coding|1/9|c.140-12147C>T||||||
3R	46690005	C	T	0	49	0	26	0	22	0	205	ANN=T|intron_variant|MODIFIER|AGAP009964|AGAP009964|transcript|AGAP009964-RA|protein_coding|1/9|c.140-12117C>T||||||
3R	46690024	A	G	0	49	0	26	0	22	0	205	ANN=G|intron_variant|MODIFIER|AGAP009964|AGAP009964|transcript|AGAP009964-RA|protein_coding|1/9|c.140-12098A>G||||||
3R	46690059	T	C	0	49	0	26	0	22	0	205	ANN=C|intron_variant|MODIFIER|AGAP009964|AGAP009964|transcript|AGAP009964-RA|protein_coding|1/9|c.140-12063T>C||||||
3R	46690139	C	T	0	49	26	0	22	0	181	24	ANN=T|intron_variant|MODIFIER|AGAP009964|AGAP009964|transcript|AGAP009964-RA|protein_coding|1/9|c.140-11983C>T||||||
3R	46690170	C	T	49	0	0	26	0	22	4	201	ANN=T|intron_variant|MODIFIER|AGAP009964|AGAP009964|transcript|AGAP009964-RA|protein_coding|1/9|c.140-11952C>T||||||
3R	46690183	A	G	0	49	26	0	22	0	201	4	ANN=G|intron_variant|MODIFIER|AGAP009964|AGAP009964|transcript|AGAP009964-RA|protein_coding|1/9|c.140-11939A>G||||||
3R	46690378	C	T	49	0	1	25	22	0	179	26	ANN=T|intron_variant|MODIFIER|AGAP009964|AGAP009964|transcript|AGAP009964-RA|protein_coding|1/9|c.140-11744C>T||||||
3R	46690491	C	T	49	0	26	0	21	1	198	7	ANN=T|intron_variant|MODIFIER|AGAP009964|AGAP009964|transcript|AGAP009964-RA|protein_coding|1/9|c.140-11631C>T||||||
3R	46690500	C	T	0	49	26	0	22	0	190	15	ANN=T|intron_variant|MODIFIER|AGAP009964|AGAP009964|transcript|AGAP009964-RA|protein_coding|1/9|c.140-11622C>T||||||
3R	46690640	G	T	49	0	26	0	21	1	198	7	ANN=T|intron_variant|MODIFIER|AGAP009964|AGAP009964|transcript|AGAP009964-RA|protein_coding|1/9|c.140-11482G>T||||||
3R	46690688	C	T	0	49	26	0	22	0	187	18	ANN=T|intron_variant|MODIFIER|AGAP009964|AGAP009964|transcript|AGAP009964-RA|protein_coding|1/9|c.140-11434C>T||||||
3R	46690764	G	C	0	49	26	0	22	0	187	18	ANN=C|intron_variant|MODIFIER|AGAP009964|AGAP009964|transcript|AGAP009964-RA|protein_coding|1/9|c.140-11358G>C||||||
3R	46690989	G	A	0	49	26	0	22	0	185	20	ANN=A|intron_variant|MODIFIER|AGAP009964|AGAP009964|transcript|AGAP009964-RA|protein_coding|1/9|c.140-11133G>A||||||
3R	46691022	C	G	49	0	0	26	0	22	20	185	ANN=G|intron_variant|MODIFIER|AGAP009964|AGAP009964|transcript|AGAP009964-RA|protein_coding|1/9|c.140-11100C>G||||||
3R	46691028	C	T	0	49	26	0	22	0	185	20	ANN=T|intron_variant|MODIFIER|AGAP009964|AGAP009964|transcript|AGAP009964-RA|protein_coding|1/9|c.140-11094C>T||||||
3R	46691116	G	A	0	49	26	0	22	0	200	5	ANN=A|intron_variant|MODIFIER|AGAP009964|AGAP009964|transcript|AGAP009964-RA|protein_coding|1/9|c.140-11006G>A||||||
3R	46691162	A	T	0	49	0	26	0	22	0	205	ANN=T|intron_variant|MODIFIER|AGAP009964|AGAP009964|transcript|AGAP009964-RA|protein_coding|1/9|c.140-10960A>T||||||
3R	46691167	A	G	0	49	26	0	22	0	198	7	ANN=G|intron_variant|MODIFIER|AGAP009964|AGAP009964|transcript|AGAP009964-RA|protein_coding|1/9|c.140-10955A>G||||||
3R	46691171	T	C	0	49	26	0	22	0	198	7	ANN=C|intron_variant|MODIFIER|AGAP009964|AGAP009964|transcript|AGAP009964-RA|protein_coding|1/9|c.140-10951T>C||||||
3R	46691194	T	C	0	49	26	0	22	0	198	7	ANN=C|intron_variant|MODIFIER|AGAP009964|AGAP009964|transcript|AGAP009964-RA|protein_coding|1/9|c.140-10928T>C||||||
3R	46691205	A	C	0	49	26	0	22	0	186	19	ANN=C|intron_variant|MODIFIER|AGAP009964|AGAP009964|transcript|AGAP009964-RA|protein_coding|1/9|c.140-10917A>C||||||
3R	46691214	A	G	49	0	26	0	0	22	174	31	ANN=G|intron_variant|MODIFIER|AGAP009964|AGAP009964|transcript|AGAP009964-RA|protein_coding|1/9|c.140-10908A>G||||||
3R	46691226	A	T	0	49	0	26	0	22	0	205	ANN=T|intron_variant|MODIFIER|AGAP009964|AGAP009964|transcript|AGAP009964-RA|protein_coding|1/9|c.140-10896A>T||||||
3R	46691249	G	A	0	49	26	0	22	0	200	5	ANN=A|intron_variant|MODIFIER|AGAP009964|AGAP009964|transcript|AGAP009964-RA|protein_coding|1/9|c.140-10873G>A||||||
3R	46691254	T	A	0	49	0	26	0	22	14	191	ANN=A|intron_variant|MODIFIER|AGAP009964|AGAP009964|transcript|AGAP009964-RA|protein_coding|1/9|c.140-10868T>A||||||
3R	46691275	T	G	0	49	0	26	0	22	0	205	ANN=G|intron_variant|MODIFIER|AGAP009964|AGAP009964|transcript|AGAP009964-RA|protein_coding|1/9|c.140-10847T>G||||||
3R	46691284	T	G	0	49	0	26	0	22	0	205	ANN=G|intron_variant|MODIFIER|AGAP009964|AGAP009964|transcript|AGAP009964-RA|protein_coding|1/9|c.140-10838T>G||||||
3R	46691309	A	T	49	0	1	25	22	0	181	24	ANN=T|intron_variant|MODIFIER|AGAP009964|AGAP009964|transcript|AGAP009964-RA|protein_coding|1/9|c.140-10813A>T||||||
3R	46691333	A	T	0	49	0	26	0	22	0	205	ANN=T|intron_variant|MODIFIER|AGAP009964|AGAP009964|transcript|AGAP009964-RA|protein_coding|1/9|c.140-10789A>T||||||
3R	46691406	T	A	0	49	26	0	22	0	201	4	ANN=A|intron_variant|MODIFIER|AGAP009964|AGAP009964|transcript|AGAP009964-RA|protein_coding|1/9|c.140-10716T>A||||||
3R	46691433	C	T	0	49	26	0	22	0	201	4	ANN=T|intron_variant|MODIFIER|AGAP009964|AGAP009964|transcript|AGAP009964-RA|protein_coding|1/9|c.140-10689C>T||||||
3R	46691489	G	A	0	49	26	0	22	0	203	2	ANN=A|intron_variant|MODIFIER|AGAP009964|AGAP009964|transcript|AGAP009964-RA|protein_coding|1/9|c.140-10633G>A||||||
3R	46691546	A	T	49	0	0	26	0	22	11	194	ANN=T|intron_variant|MODIFIER|AGAP009964|AGAP009964|transcript|AGAP009964-RA|protein_coding|1/9|c.140-10576A>T||||||
3R	46691553	G	A	49	0	13	13	22	0	199	6	ANN=A|intron_variant|MODIFIER|AGAP009964|AGAP009964|transcript|AGAP009964-RA|protein_coding|1/9|c.140-10569G>A||||||
3R	46691623	C	G	0	49	0	26	0	22	0	205	ANN=G|intron_variant|MODIFIER|AGAP009964|AGAP009964|transcript|AGAP009964-RA|protein_coding|1/9|c.140-10499C>G||||||
3R	46691638	T	A	0	49	0	26	0	22	0	205	ANN=A|intron_variant|MODIFIER|AGAP009964|AGAP009964|transcript|AGAP009964-RA|protein_coding|1/9|c.140-10484T>A||||||
3R	46691917	G	A	0	49	26	0	22	0	203	2	ANN=A|intron_variant|MODIFIER|AGAP009964|AGAP009964|transcript|AGAP009964-RA|protein_coding|1/9|c.140-10205G>A||||||
3R	46691981	C	T	49	0	26	0	0	22	205	0	ANN=T|intron_variant|MODIFIER|AGAP009964|AGAP009964|transcript|AGAP009964-RA|protein_coding|1/9|c.140-10141C>T||||||
3R	46691993	G	A	49	0	26	0	0	22	205	0	ANN=A|intron_variant|MODIFIER|AGAP009964|AGAP009964|transcript|AGAP009964-RA|protein_coding|1/9|c.140-10129G>A||||||
3R	46692165	T	G	49	0	0	26	22	0	181	24	ANN=G|intron_variant|MODIFIER|AGAP009964|AGAP009964|transcript|AGAP009964-RA|protein_coding|1/9|c.140-9957T>G||||||
3R	46692267	A	G	49	0	0	26	0	22	113	92	ANN=G|intron_variant|MODIFIER|AGAP009964|AGAP009964|transcript|AGAP009964-RA|protein_coding|1/9|c.140-9855A>G||||||
3R	46692350	T	G	49	0	26	0	0	22	202	3	ANN=G|intron_variant|MODIFIER|AGAP009964|AGAP009964|transcript|AGAP009964-RA|protein_coding|1/9|c.140-9772T>G||||||
3R	46692375	G	A	49	0	26	0	0	22	202	3	ANN=A|intron_variant|MODIFIER|AGAP009964|AGAP009964|transcript|AGAP009964-RA|protein_coding|1/9|c.140-9747G>A||||||
3R	46692584	T	C	0	49	0	26	0	22	16	189	ANN=C|intron_variant|MODIFIER|AGAP009964|AGAP009964|transcript|AGAP009964-RA|protein_coding|1/9|c.140-9538T>C||||||
3R	46692592	A	G	0	49	0	26	0	22	12	193	ANN=G|intron_variant|MODIFIER|AGAP009964|AGAP009964|transcript|AGAP009964-RA|protein_coding|1/9|c.140-9530A>G||||||
3R	46692664	T	C	0	49	26	0	22	0	190	15	ANN=C|intron_variant|MODIFIER|AGAP009964|AGAP009964|transcript|AGAP009964-RA|protein_coding|1/9|c.140-9458T>C||||||
3R	46692693	A	G	49	0	15	11	22	0	205	0	ANN=G|intron_variant|MODIFIER|AGAP009964|AGAP009964|transcript|AGAP009964-RA|protein_coding|1/9|c.140-9429A>G||||||
3R	46692701	T	G	49	0	0	26	0	22	134	71	ANN=G|intron_variant|MODIFIER|AGAP009964|AGAP009964|transcript|AGAP009964-RA|protein_coding|1/9|c.140-9421T>G||||||
3R	46692967	T	C	0	49	0	26	0	22	0	205	ANN=C|intron_variant|MODIFIER|AGAP009964|AGAP009964|transcript|AGAP009964-RA|protein_coding|1/9|c.140-9155T>C||||||
3R	46693008	A	T	0	49	26	0	22	0	190	15	ANN=T|intron_variant|MODIFIER|AGAP009964|AGAP009964|transcript|AGAP009964-RA|protein_coding|1/9|c.140-9114A>T||||||
3R	46693047	T	C	49	0	0	26	22	0	134	71	ANN=C|intron_variant|MODIFIER|AGAP009964|AGAP009964|transcript|AGAP009964-RA|protein_coding|1/9|c.140-9075T>C||||||
3R	46693094	C	T	49	0	0	26	22	0	197	8	ANN=T|intron_variant|MODIFIER|AGAP009964|AGAP009964|transcript|AGAP009964-RA|protein_coding|1/9|c.140-9028C>T||||||
3R	46693106	A	C	0	49	26	0	22	0	190	15	ANN=C|intron_variant|MODIFIER|AGAP009964|AGAP009964|transcript|AGAP009964-RA|protein_coding|1/9|c.140-9016A>C||||||
3R	46693178	T	A	49	0	0	26	22	0	134	71	ANN=A|intron_variant|MODIFIER|AGAP009964|AGAP009964|transcript|AGAP009964-RA|protein_coding|1/9|c.140-8944T>A||||||
3R	46693187	T	A	0	49	26	0	0	22	77	128	ANN=A|intron_variant|MODIFIER|AGAP009964|AGAP009964|transcript|AGAP009964-RA|protein_coding|1/9|c.140-8935T>A||||||
3R	46693209	C	A	0	49	26	0	22	0	201	4	ANN=A|intron_variant|MODIFIER|AGAP009964|AGAP009964|transcript|AGAP009964-RA|protein_coding|1/9|c.140-8913C>A||||||
3R	46693229	A	T	49	0	3	23	22	0	184	21	ANN=T|intron_variant|MODIFIER|AGAP009964|AGAP009964|transcript|AGAP009964-RA|protein_coding|1/9|c.140-8893A>T||||||
3R	46693248	T	A	49	0	0	26	22	0	134	71	ANN=A|intron_variant|MODIFIER|AGAP009964|AGAP009964|transcript|AGAP009964-RA|protein_coding|1/9|c.140-8874T>A||||||
3R	46693505	C	G	0	49	26	0	22	0	190	15	ANN=G|intron_variant|MODIFIER|AGAP009964|AGAP009964|transcript|AGAP009964-RA|protein_coding|1/9|c.140-8617C>G||||||
3R	46693572	C	T	0	49	26	0	22	0	190	15	ANN=T|intron_variant|MODIFIER|AGAP009964|AGAP009964|transcript|AGAP009964-RA|protein_coding|1/9|c.140-8550C>T||||||
3R	46693609	A	C	48	1	26	0	22	0	197	8	ANN=C|intron_variant|MODIFIER|AGAP009964|AGAP009964|transcript|AGAP009964-RA|protein_coding|1/9|c.140-8513A>C||||||
3R	46693640	C	A	49	0	0	26	22	0	147	58	ANN=A|intron_variant|MODIFIER|AGAP009964|AGAP009964|transcript|AGAP009964-RA|protein_coding|1/9|c.140-8482C>A||||||
3R	46693723	G	A	49	0	0	26	21	1	147	58	ANN=A|intron_variant|MODIFIER|AGAP009964|AGAP009964|transcript|AGAP009964-RA|protein_coding|1/9|c.140-8399G>A||||||
3R	46693724	A	C	49	0	26	0	1	21	73	132	ANN=C|intron_variant|MODIFIER|AGAP009964|AGAP009964|transcript|AGAP009964-RA|protein_coding|1/9|c.140-8398A>C||||||
3R	46693734	C	A	49	0	0	26	21	1	147	58	ANN=A|intron_variant|MODIFIER|AGAP009964|AGAP009964|transcript|AGAP009964-RA|protein_coding|1/9|c.140-8388C>A||||||
3R	46693925	G	A	49	0	25	1	22	0	188	17	ANN=A|intron_variant|MODIFIER|AGAP009964|AGAP009964|transcript|AGAP009964-RA|protein_coding|1/9|c.140-8197G>A||||||
3R	46693930	G	A	0	49	25	1	0	22	99	106	ANN=A|intron_variant|MODIFIER|AGAP009964|AGAP009964|transcript|AGAP009964-RA|protein_coding|1/9|c.140-8192G>A||||||
3R	46693953	T	C	0	49	25	1	0	22	99	106	ANN=C|intron_variant|MODIFIER|AGAP009964|AGAP009964|transcript|AGAP009964-RA|protein_coding|1/9|c.140-8169T>C||||||
3R	46694520	C	G	49	0	26	0	21	1	139	66	ANN=G|intron_variant|MODIFIER|AGAP009964|AGAP009964|transcript|AGAP009964-RA|protein_coding|1/9|c.140-7602C>G||||||
3R	46694630	C	A	0	49	26	0	22	0	203	2	ANN=A|intron_variant|MODIFIER|AGAP009964|AGAP009964|transcript|AGAP009964-RA|protein_coding|1/9|c.140-7492C>A||||||
3R	46694687	T	A	47	2	26	0	22	0	205	0	ANN=A|intron_variant|MODIFIER|AGAP009964|AGAP009964|transcript|AGAP009964-RA|protein_coding|1/9|c.140-7435T>A||||||
3R	46694695	C	A	49	0	17	9	22	0	205	0	ANN=A|intron_variant|MODIFIER|AGAP009964|AGAP009964|transcript|AGAP009964-RA|protein_coding|1/9|c.140-7427C>A||||||
3R	46694866	T	C	0	49	0	26	22	0	135	70	ANN=C|intron_variant|MODIFIER|AGAP009964|AGAP009964|transcript|AGAP009964-RA|protein_coding|1/9|c.140-7256T>C||||||
3R	46694948	G	A	25	24	26	0	22	0	205	0	ANN=A|intron_variant|MODIFIER|AGAP009964|AGAP009964|transcript|AGAP009964-RA|protein_coding|1/9|c.140-7174G>A||||||
3R	46694950	G	A	0	49	1	25	22	0	135	70	ANN=A|intron_variant|MODIFIER|AGAP009964|AGAP009964|transcript|AGAP009964-RA|protein_coding|1/9|c.140-7172G>A||||||
3R	46694972	G	A	49	0	25	1	0	22	70	135	ANN=A|intron_variant|MODIFIER|AGAP009964|AGAP009964|transcript|AGAP009964-RA|protein_coding|1/9|c.140-7150G>A||||||
3R	46694974	A	G	49	0	26	0	0	22	70	135	ANN=G|intron_variant|MODIFIER|AGAP009964|AGAP009964|transcript|AGAP009964-RA|protein_coding|1/9|c.140-7148A>G||||||
3R	46694984	T	A	0	49	1	25	22	0	135	70	ANN=A|intron_variant|MODIFIER|AGAP009964|AGAP009964|transcript|AGAP009964-RA|protein_coding|1/9|c.140-7138T>A||||||
3R	46695159	C	T	0	49	26	0	22	0	203	2	ANN=T|intron_variant|MODIFIER|AGAP009964|AGAP009964|transcript|AGAP009964-RA|protein_coding|1/9|c.140-6963C>T||||||
3R	46695269	C	T	49	0	26	0	0	22	123	82	ANN=T|intron_variant|MODIFIER|AGAP009964|AGAP009964|transcript|AGAP009964-RA|protein_coding|1/9|c.140-6853C>T||||||
3R	46695364	A	C	0	49	0	26	22	0	68	137	ANN=C|intron_variant|MODIFIER|AGAP009964|AGAP009964|transcript|AGAP009964-RA|protein_coding|1/9|c.140-6758A>C||||||
3R	46695390	T	C	49	0	13	13	22	0	199	6	ANN=C|intron_variant|MODIFIER|AGAP009964|AGAP009964|transcript|AGAP009964-RA|protein_coding|1/9|c.140-6732T>C||||||
3R	46695428	T	C	25	24	26	0	22	0	205	0	ANN=C|intron_variant|MODIFIER|AGAP009964|AGAP009964|transcript|AGAP009964-RA|protein_coding|1/9|c.140-6694T>C||||||
3R	46695429	C	A	49	0	26	0	0	22	125	80	ANN=A|intron_variant|MODIFIER|AGAP009964|AGAP009964|transcript|AGAP009964-RA|protein_coding|1/9|c.140-6693C>A||||||
3R	46695440	A	T	0	49	26	0	22	0	203	2	ANN=T|intron_variant|MODIFIER|AGAP009964|AGAP009964|transcript|AGAP009964-RA|protein_coding|1/9|c.140-6682A>T||||||
3R	46695489	C	T	0	49	0	26	0	22	52	153	ANN=T|intron_variant|MODIFIER|AGAP009964|AGAP009964|transcript|AGAP009964-RA|protein_coding|1/9|c.140-6633C>T||||||
3R	46695683	T	C	0	49	0	26	0	22	26	179	ANN=C|intron_variant|MODIFIER|AGAP009964|AGAP009964|transcript|AGAP009964-RA|protein_coding|1/9|c.140-6439T>C||||||
3R	46695760	C	A	49	0	26	0	0	22	205	0	ANN=A|intron_variant|MODIFIER|AGAP009964|AGAP009964|transcript|AGAP009964-RA|protein_coding|1/9|c.140-6362C>A||||||
3R	46696027	A	T	0	49	0	26	22	0	145	60	ANN=T|intron_variant|MODIFIER|AGAP009964|AGAP009964|transcript|AGAP009964-RA|protein_coding|1/9|c.140-6095A>T||||||
3R	46696116	T	C	0	49	0	26	0	22	0	205	ANN=C|intron_variant|MODIFIER|AGAP009964|AGAP009964|transcript|AGAP009964-RA|protein_coding|1/9|c.140-6006T>C||||||
3R	46696788	G	T	48	1	26	0	22	0	205	0	ANN=T|intron_variant|MODIFIER|AGAP009964|AGAP009964|transcript|AGAP009964-RA|protein_coding|1/9|c.140-5334G>T||||||
3R	46696879	A	G	49	0	26	0	0	22	205	0	ANN=G|intron_variant|MODIFIER|AGAP009964|AGAP009964|transcript|AGAP009964-RA|protein_coding|1/9|c.140-5243A>G||||||
3R	46696924	C	T	0	49	0	26	0	22	96	109	ANN=T|intron_variant|MODIFIER|AGAP009964|AGAP009964|transcript|AGAP009964-RA|protein_coding|1/9|c.140-5198C>T||||||
3R	46697066	C	T	0	49	0	26	0	22	13	192	ANN=T|intron_variant|MODIFIER|AGAP009964|AGAP009964|transcript|AGAP009964-RA|protein_coding|1/9|c.140-5056C>T||||||
3R	46697093	T	A	0	49	0	26	0	22	95	110	ANN=A|intron_variant|MODIFIER|AGAP009964|AGAP009964|transcript|AGAP009964-RA|protein_coding|1/9|c.140-5029T>A||||||
3R	46697114	T	A	0	49	0	26	0	22	92	113	ANN=A|intron_variant|MODIFIER|AGAP009964|AGAP009964|transcript|AGAP009964-RA|protein_coding|1/9|c.140-5008T>A||||||
3R	46697344	C	A	0	49	0	26	0	22	46	159	ANN=A|intron_variant|MODIFIER|AGAP009964|AGAP009964|transcript|AGAP009964-RA|protein_coding|1/9|c.140-4778C>A||||||
3R	46697526	T	C	0	49	1	25	0	22	47	158	ANN=C|intron_variant|MODIFIER|AGAP009964|AGAP009964|transcript|AGAP009964-RA|protein_coding|1/9|c.140-4596T>C||||||
3R	46697570	C	A	0	49	0	26	0	22	109	96	ANN=A|intron_variant|MODIFIER|AGAP009964|AGAP009964|transcript|AGAP009964-RA|protein_coding|1/9|c.140-4552C>A||||||
3R	46697629	C	G	49	0	17	9	22	0	205	0	ANN=G|intron_variant|MODIFIER|AGAP009964|AGAP009964|transcript|AGAP009964-RA|protein_coding|1/9|c.140-4493C>G||||||
